career_seq,career_major_name,career_major_category,updated_at,general_selection_subjects,career_selection_subjects,convergence_selection_subjects,source_text,source_url,collected_at
140,레크리에이션과,예체능계열,2026-04-30,독서와 작문|문학|대수|미적분 Ⅰ|확률과 통계|영어 I|영어 Ⅱ|영어 독해와 작문|세계시민과 지리|사회와 문화|현대사회와 윤리|정보,경제|법과 사회|윤리와 사상|국제 관계의 이해|인공지능 기초|데이터 과학,독서 토론과 글쓰기|실용 통계|실생활 영어 회화|사회문제 탐구|금융과 경제생활,"출처 : 서울특별시교육청교육연구정보원, 2022 개정 교육과정 선택 과목 안내서, 스포츠경영학과",https://www.career.go.kr/cloud/w/major/uView?seq=140,2026-06-02T12:16:26+00:00
309,시각디자인학과,예체능계열,2025-10-30,독서와 작문|문학|대수|확률과 통계|영어Ⅰ|영어Ⅱ|영어 독해오작문|미술|정보,주제 탐구 독서|문학과 영상|미술 창작|미술 감상과 비평|인간과 심리,매체 의사소통|미디어 영어|세계 문화와 영어|여행지리|사회문제 탐구|미술과 매체,"출처 : 서울특별시교육청교육연구정보원, 2022 개정 교육과정 선택 과목 안내서, 디자인과",https://www.career.go.kr/cloud/w/major/uView?seq=309,2026-06-02T12:16:27+00:00
458,재활학과,의약계열,2025-09-15,물리학|화학|생명과학|현대사회와 윤리,세포와 물질대사|생물의 유전|법과 사회|보건,융합과학 탐구,"출처 : 서울특별시교육청교육연구정보원, 2022 개정 교육과정 선택 과목 안내서, 재활치료학과",https://www.career.go.kr/cloud/w/major/uView?seq=458,2026-06-02T12:16:27+00:00
10027,스포츠재활과,예체능계열,2025-07-01,독서와 작문|문학|대수|미적분Ⅰ|확률과 통계|영어 I|영어 독해와 작문|현대사회와 윤리|생명과학|화학|정보|교육학,법과 사회|물질과 에너지|화학 반응의 세계|세포와 물질대사|생물의 유전,실생활 영어 회화|실용 통계|윤리문제 탐구,"출처 : 서울특별시교육청교육연구정보원, 2022 개정 교육과정 선택 과목 안내서, 스포츠의학과",https://www.career.go.kr/cloud/w/major/uView?seq=10027,2026-06-02T12:16:28+00:00
20,건축학과,공학계열,2025-06-12,대수|미적분 Ⅰ|확률과 통계|물리학|화학|세계시민과 지리|사회와 문화|세계사,기하|미적분Ⅱ|도시의 미래 탐구|역학과 에너지|물질과 에너지|화학 반응의 세계|지구시스템과학|한국지리탐구,융합 과학 탐구|과학의 역사와 문화|기후변화와 환경생태|창의공학 설계|기후변화와 지속가능한 세계,"출처 : 서울특별시교육청교육연구정보원, 2022 개정 교육과정 선택 과목 안내서, 건축학과",https://www.career.go.kr/cloud/w/major/uView?seq=20,2026-06-02T12:16:29+00:00
10030,문화재보존학과,인문계열,2025-01-06,문학|독서와 작문|사회와 문화|세계시민과 지리|세계사|화학|정보,한국지리 탐구|동아시아 역사 기행|법과 사회|인문학과 윤리|화학 반응의 세계|미술 감상과 비평|한문고전 일기|삶과 종교,수학과 문화|여행지리|역사로 탐구하는 현대 세계|사회문제 탐구|미술과 매체|지식 재산 일반|언어생활과 한자,"출처 : 서울특별시교육청교육연구정보원, 2022 개정 교육과정 선택 과목 안내서, 문화재보존학과",https://www.career.go.kr/cloud/w/major/uView?seq=10030,2026-06-02T12:16:29+00:00
10156,패션디자인학과,예체능계열,2024-12-23,독서와 작문|문학|대수|확률과 통계|영어Ⅰ|영어Ⅱ|영어 독해오작문|미술|정보,주제 탐구 독서|문학과 영상|미술 창작|미술 감상과 비평|인간과 심리,매체 의사소통|미디어 영어|세계 문화와 영어|여행지리|사회문제 탐구|미술과 매체,"출처 : 서울특별시교육청교육연구정보원, 2022 개정 교육과정 선택 과목 안내서, 디자인과",https://www.career.go.kr/cloud/w/major/uView?seq=10156,2026-06-02T12:16:29+00:00
449,바이오동물과,자연계열,2024-10-15,대수|미적분 Ⅰ|확률과 통계|물리학|화학|생명과학|정보,기하|미적분Ⅱ|물질과 에너지|화학 반응의 세계|세포와 물질대사|생물의 유전,융합과학 탐구|기후변화와 지속가능한 세계,"출처 : 서울특별시교육청교육연구정보원, 2022 개정 교육과정 선택 과목 안내서, 생명공학과",https://www.career.go.kr/cloud/w/major/uView?seq=449,2026-06-02T12:16:30+00:00
340,반려동물과,자연계열,2024-10-15,대수|미적분Ⅰ|확률과 통계|화학|생명과학|지구과학|정보,미적분Ⅱ|인공지능 수학|물질과 에너지|화학 반응의 세계|세포와 물질대사|생물의 유전|생활과학 탐구,실용 통계|기후변화와 환경생태,"출처 : 서울특별시교육청교육연구정보원, 2022 개정 교육과정 선택 과목 안내서, 동물자원학과",https://www.career.go.kr/cloud/w/major/uView?seq=340,2026-06-02T12:16:30+00:00
245,산림자원학과,자연계열,2024-07-01,대수|미적분Ⅰ|확률과 통계|물리학|화학|생명과학|정보,미적분Ⅱ|인공지능 수학|한국지리 탐구|물질과 에너지|화학 반응의 세계|세포와 물질대사|생물의 유전|지구시스템과학|생활과학 탐구,실용 통계|기후변화와 환경생태,"출처 : 서울특별시교육청교육연구정보원, 2022 개정 교육과정 선택 과목 안내서, 식물자원학과",https://www.career.go.kr/cloud/w/major/uView?seq=245,2026-06-02T12:16:31+00:00
502,조경과,공학계열,2024-07-01,대수|미적분Ⅰ|확률과 통계|화학|생명과학|지구과학|정보,미적분Ⅱ|인공지능 수학|한국지리 탐구|도시의 미래 탐구|물질과 에너지|지구시스템과학,실용 통계|기후변화와 환경생태,"출처 : 서울특별시교육청교육연구정보원, 2022 개정 교육과정 선택 과목 안내서, 조경학과",https://www.career.go.kr/cloud/w/major/uView?seq=502,2026-06-02T12:16:31+00:00
503,조경학과,공학계열,2024-07-01,대수|미적분Ⅰ|확률과 통계|화학|생명과학|지구과학|정보,미적분Ⅱ|인공지능 수학|한국지리 탐구|도시의 미래 탐구|물질과 에너지|지구시스템과학,실용 통계|기후변화와 환경생태,"출처 : 서울특별시교육청교육연구정보원, 2022 개정 교육과정 선택 과목 안내서, 조경학과",https://www.career.go.kr/cloud/w/major/uView?seq=503,2026-06-02T12:16:31+00:00
437,임산공학과,자연계열,2024-07-01,대수|미적분Ⅰ|확률과 통계|물리학|화학|생명과학|정보,미적분Ⅱ|인공지능 수학|한국지리 탐구|물질과 에너지|화학 반응의 세계|세포와 물질대사|생물의 유전|지구시스템과학|생활과학 탐구,실용 통계|기후변화와 환경생태,"출처 : 서울특별시교육청교육연구정보원, 2022 개정 교육과정 선택 과목 안내서, 식물자원학과",https://www.career.go.kr/cloud/w/major/uView?seq=437,2026-06-02T12:16:32+00:00
660,환경조각학과,예체능계열,2024-05-13,화법과 언어|독서와 작문|문학|영어 I|영어Ⅱ|영어 독해와 작문|세계사|미술,주제 탐구 독서|문학과 영상|미술 창작|미술 감상과 비평|인간과 철학|인간과 심리,매체 의사소통|미디어 영어|세계 문화와 영어|여행지리|미술과 매체,"출처 : 서울특별시교육청교육연구정보원, 2022 개정 교육과정 선택 과목 안내서, 공예과(조형학과)",https://www.career.go.kr/cloud/w/major/uView?seq=660,2026-06-02T12:16:32+00:00
49,관현악과,예체능계열,2024-04-01,화법과 언어|독서와 작문|문학|영어Ⅰ|영어Ⅱ|영어 독해와 작문|사회와 문화|음악,주제 탐구 독서|심화 영어|법과 사회|경제|윤리와 사상|음악 연주와 창작|음악 감상과 비평|음악 이론|음악사|시창|청음|음악 전공 실기|합창|합주|음악 공연 실습,매체 의사소통|미디어 영어|세계 문화와 영어|여행지리|음악과 미디어|음악과 문화,"출처 : 서울특별시교육청교육연구정보원, 2022 개정 교육과정 선택 과목 안내서, 관현악과",https://www.career.go.kr/cloud/w/major/uView?seq=49,2026-06-02T12:16:33+00:00
622,항공서비스과,사회계열,2024-03-27,현대사회와 윤리|세계시민과 지리|세계사|사회와 문화|제 2외국어 과목,직무 영어|한국지리 탐구,세계 문화와 영어|여행지리|사회문제 탐구,"출처 : 서울특별시교육청교육연구정보원, 2022 개정 교육과정 선택 과목 안내서, 항공서비스학과",https://www.career.go.kr/cloud/w/major/uView?seq=622,2026-06-02T12:16:33+00:00
10041,경호학과,예체능계열,2023-07-14,독서와 작문|문학|대수|미적분I|확률과 통계|영어 Ⅰ|영어 독해와 작문|사회와 문화|현대사회와 윤리|물리학|생명과학|정보,경제|역학과 에너지|화학 반응의 세계|세포와 물질대사|생물의 유전|데이터 과학,매체 의사소통|실생활 영어 회화|실용 통계,"출처 : 서울특별시교육청교육연구정보원, 2022 개정 교육과정 선택 과목 안내서, 체육학과",https://www.career.go.kr/cloud/w/major/uView?seq=10041,2026-06-02T12:16:33+00:00
613,한국어학과,인문계열,2023-06-16,화법과 언어|독서와 작문|문학|사회와 문화|현대사회와 윤리|연극,주제 탐구 독서|문학과 영상|직무 의사소통|인묵학과 윤리|논리와 사고,독서 토론과 글쓰기|매체 의사소통|언어생활 탐구|논술,"출처 : 서울특별시교육청교육연구정보원, 2022 개정 교육과정 선택 과목 안내서, 국어국문학과",https://www.career.go.kr/cloud/w/major/uView?seq=613,2026-06-02T12:16:34+00:00
10043,한국어과,인문계열,2023-06-16,화법과 언어|독서와 작문|문학|사회와 문화|현대사회와 윤리|연극,주제 탐구 독서|문학과 영상|직무 의사소통|인묵학과 윤리|논리와 사고,독서 토론과 글쓰기|매체 의사소통|언어생활 탐구|논술,"출처 : 서울특별시교육청교육연구정보원, 2022 개정 교육과정 선택 과목 안내서, 국어국문학과",https://www.career.go.kr/cloud/w/major/uView?seq=10043,2026-06-02T12:16:34+00:00
128,동양화과,예체능계열,2023-06-16,화법과 언어|독서와 작문|문학|영어 Ⅰ|영어Ⅱ|영어 독해와 작문|세계사|미술,주제 탐구 독서|문학과 영상|미술 창작|미술 감상과 비평|인간과 철학|인간과 심리,매체 의사소통|미디어 영어|세계 문화와 영어|여행지리|미술과 매체,"출처 : 서울특별시교육청교육연구정보원, 2022 개정 교육과정 선택 과목 안내서, 회화과",https://www.career.go.kr/cloud/w/major/uView?seq=128,2026-06-02T12:16:35+00:00
33,공업디자인과,예체능계열,2023-06-16,독서와 작문|문학|대수|확률과 통계|영어Ⅰ|영어Ⅱ|영어 독해오작문|미술|정보,주제 탐구 독서|문학과 영상|미술 창작|미술 감상과 비평|인간과 심리,매체 의사소통|미디어 영어|세계 문화와 영어|여행지리|사회문제 탐구|미술과 매체,"출처 : 서울특별시교육청교육연구정보원, 2022 개정 교육과정 선택 과목 안내서, 디자인과",https://www.career.go.kr/cloud/w/major/uView?seq=33,2026-06-02T12:16:35+00:00
386,그래픽디자인과,예체능계열,2023-06-16,독서와 작문|문학|대수|확률과 통계|영어Ⅰ|영어Ⅱ|영어 독해오작문|미술|정보,주제 탐구 독서|문학과 영상|미술 창작|미술 감상과 비평|인간과 심리,매체 의사소통|미디어 영어|세계 문화와 영어|여행지리|사회문제 탐구|미술과 매체,"출처 : 서울특별시교육청교육연구정보원, 2022 개정 교육과정 선택 과목 안내서, 디자인과",https://www.career.go.kr/cloud/w/major/uView?seq=386,2026-06-02T12:16:35+00:00
574,디지털디자인과,예체능계열,2023-06-16,독서와 작문|문학|대수|확률과 통계|영어Ⅰ|영어Ⅱ|영어 독해오작문|미술|정보,주제 탐구 독서|문학과 영상|미술 창작|미술 감상과 비평|인간과 심리,매체 의사소통|미디어 영어|세계 문화와 영어|여행지리|사회문제 탐구|미술과 매체,"출처 : 서울특별시교육청교육연구정보원, 2022 개정 교육과정 선택 과목 안내서, 디자인과",https://www.career.go.kr/cloud/w/major/uView?seq=574,2026-06-02T12:16:36+00:00
339,애니메이션과,예체능계열,2023-06-16,화법과 언어|문학|독서와 작문|영어 독해와 작문|세계시민과 지리|세계사|사회와 문화|현대사회와 윤리|음악|미술|연극|정보|제2외국어,주제 탐구 독서|문학과 영상|영미 문학 읽기|영어 발표와 토론|동아시아 역사 기행|정치|법과 사회|윤리와 사상|인문학과 윤리|미술 감상과 비평|음악 감상과 비평,독서 토론과 글쓰기|메체 의사소통|미디어 영어|세계 문화와 영어|사회문제 탐구|음악과 미디어|미술과 매체|지식 재산 일반|소프트웨어와 생활,"출처 : 서울특별시교육청교육연구정보원, 2022 개정 교육과정 선택 과목 안내서, 문화콘텐츠학과",https://www.career.go.kr/cloud/w/major/uView?seq=339,2026-06-02T12:16:36+00:00
658,환경보건학과,의약계열,2023-06-16,화법과 언어|독서와 작문|문학|확률과 통계|영어 Ⅰ|영어프|영어 독해와 작문|세계시민과 지리|사회와 문화|현대사회와 윤리|생명과학|정보|제2외국어 과목|한문,주제 탐구 독서|영어 발표와 토론|정치|법과 사회|경제|윤리와 사상|국제 관계의 이해|생물의 유전,독서 토론과 글쓰기|실용 통계|수학과제 탐구|사회문제 탐구|기후변화와 지속가능한 세계|융합과학 탐구|보건,"출처 : 서울특별시교육청교육연구정보원, 2022 개정 교육과정 선택 과목 안내서, 보건행정학과",https://www.career.go.kr/cloud/w/major/uView?seq=658,2026-06-02T12:16:36+00:00
439,임상병리과,의약계열,2023-06-16,확률과 통계|화학|생명과학|현대사회와 윤리,물질과 에너지|화학 반응의 세계|세포와 물질대사|생물의 유전|법과 사회|보건,화학 실험|생명과학 실험,"출처 : 서울특별시교육청교육연구정보원, 2022 개정 교육과정 선택 과목 안내서, 임상병리학과",https://www.career.go.kr/cloud/w/major/uView?seq=439,2026-06-02T12:16:37+00:00
341,약학부,의약계열,2023-06-16,확률과 통계|화학|생명과학|현대사회와 윤리,물질과 에너지|화학 반응의 세계|세포와 물질대사|생물의 유전|법과 사회|보건,융합과학 탐구|화학 실험,"출처 : 서울특별시교육청교육연구정보원, 2022 개정 교육과정 선택 과목 안내서, 약학과",https://www.career.go.kr/cloud/w/major/uView?seq=341,2026-06-02T12:16:37+00:00
653,환경공학과,자연계열,2023-06-02,대수|미적분 Ⅰ|확률과 통계|물리학|화학|생명과학|지구과학|정보|생태와 환경,기하|미적분Ⅱ|도시의 미래 탐구|역학과 에너지|물질과 에너지|화학 반응의 세계|세포와 물질대사|생물의 유전|지구시스템과학|데이터 과학,기후변화와 환경생태|융합과학 탐구,"출처 : 서울특별시교육청교육연구정보원, 2022 개정 교육과정 선택 과목 안내서, 환경공학과",https://www.career.go.kr/cloud/w/major/uView?seq=653,2026-06-02T12:16:38+00:00
652,환경공업과,자연계열,2023-06-02,대수|미적분 Ⅰ|확률과 통계|물리학|화학|생명과학|지구과학|정보|생태와 환경,기하|미적분Ⅱ|도시의 미래 탐구|역학과 에너지|물질과 에너지|화학 반응의 세계|세포와 물질대사|생물의 유전|지구시스템과학|데이터 과학,기후변화와 환경생태|융합과학 탐구,"출처 : 서울특별시교육청교육연구정보원, 2022 개정 교육과정 선택 과목 안내서, 환경공학과",https://www.career.go.kr/cloud/w/major/uView?seq=652,2026-06-02T12:16:38+00:00
606,푸드스타일링과,자연계열,2023-06-02,대수|미적분 Ⅰ|확률과 통계|사회와 문화|화학|생명과학|기술|가정|정보,미적분Ⅱ|경제|물질과 에너지|화학 반응의 세계|세포와 물질대사|생물의 유전|생활과학 탐구,실용 통계,"출처 : 서울특별시교육청교육연구정보원, 2022 개정 교육과정 선택 과목 안내서, 식품영양학과",https://www.career.go.kr/cloud/w/major/uView?seq=606,2026-06-02T12:16:39+00:00
523,지구환경과학과,자연계열,2023-06-02,대수|미적분 Ⅰ|확률과 통계|물리학|화학|생명과학|지구과학,기하|미적분Ⅱ|인공지능 수학|역학과 메너지|전자기와 양자|지구시스템과학|행성우주과학|물질과 에너지|화학 반응의 세계|한국지리 탐구,수학과제 탐구|실용 통계|기후변화와 환경생태|융합과학 탐구,"출처 : 서울특별시교육청교육연구정보원, 2022 개정 교육과정 선택 과목 안내서, 지질학과",https://www.career.go.kr/cloud/w/major/uView?seq=523,2026-06-02T12:16:39+00:00
494,제약공학과,자연계열,2023-06-02,대수|미적분 Ⅰ|확률과 통계|물리학|화학|생명과학|정보,기하|미적분Ⅱ|역학과 에너지|전자기와 양자|물질과 에너지|화학 반응의 세계|세포와 물질대사|로봇과 공학세계,융합과학 탐구,"출처 : 서울특별시교육청교육연구정보원, 2022 개정 교육과정 선택 과목 안내서, 화학공학과",https://www.career.go.kr/cloud/w/major/uView?seq=494,2026-06-02T12:16:39+00:00
21016,식량자원학과,자연계열,2023-06-02,대수|미적분 Ⅰ|확률과 통계|물리학|화학|생명과학|정보|기술|가정,기하|미적분Ⅱ|물질과 에너지|화학 반응의 세계|세포와 물질대사|생물의 유전|생활과학 탐구,융합과학 탐구,"출처 : 서울특별시교육청교육연구정보원, 2022 개정 교육과정 선택 과목 안내서, 식품공학과",https://www.career.go.kr/cloud/w/major/uView?seq=21016,2026-06-02T12:16:40+00:00
190,바이오생명정보과,자연계열,2023-06-02,대수|미적분 Ⅰ|확률과 통계|물리학|화학|생명과학|정보,기하|미적분Ⅱ|물질과 에너지|화학 반응의 세계|세포와 물질대사|생물의 유전,융합과학 탐구|기후변화와 지속가능한 세계,"출처 : 서울특별시교육청교육연구정보원, 2022 개정 교육과정 선택 과목 안내서, 생명공학과",https://www.career.go.kr/cloud/w/major/uView?seq=190,2026-06-02T12:16:40+00:00
21010,미생물학과,자연계열,2023-06-02,대수|미적분 Ⅰ|확률과 통계|물리학|화학|생명과학|정보,기하|미적분Ⅱ|물질과 에너지|화학 반응의 세계|세포와 물질대사|생물의 유전,융합과학 탐구|기후변화와 지속가능한 세계,"출처 : 서울특별시교육청교육연구정보원, 2022 개정 교육과정 선택 과목 안내서, 생명공학과",https://www.career.go.kr/cloud/w/major/uView?seq=21010,2026-06-02T12:16:40+00:00
654,환경과학과,자연계열,2023-06-02,대수|미적분 Ⅰ|확률과 통계|물리학|화학|생명과학|지구과학|정보|생태와 환경,기하|미적분Ⅱ|도시의 미래 탐구|역학과 에너지|물질과 에너지|화학 반응의 세계|세포와 물질대사|생물의 유전|지구시스템과학|데이터 과학,기후변화와 환경생태|융합과학 탐구,"출처 : 서울특별시교육청교육연구정보원, 2022 개정 교육과정 선택 과목 안내서, 환경공학과",https://www.career.go.kr/cloud/w/major/uView?seq=654,2026-06-02T12:16:41+00:00
21023,컴퓨터시스템과,공학계열,2023-06-02,대수|확률과 통계|미적분 Ⅰ|인공지능 수학|영어Ⅰ|영어Ⅱ|영어독해와 작문|물리학|정보,기하|미적분Ⅱ|인공지능 수학|전자기와 양자|역학과 에너지|로봇과 공학세계|인공지능 기초|데이터 과학,실용 통계|수학과제 탐구|창의 공학 설계|소프트웨어와 생활,"출처 : 서울특별시교육청교육연구정보원, 2022 개정 교육과정 선택 과목 안내서, 컴퓨터공학과",https://www.career.go.kr/cloud/w/major/uView?seq=21023,2026-06-02T12:16:41+00:00
505,조선공학과,공학계열,2023-06-02,대수|미적분 Ⅰ|확률과 통계|물리학|화학|생명과학|지구과학|정보,기하|미적분Ⅱ|역학과 에너지|전자기와 양자|물질과 에너지|화학 반응의 세계|세포와 물질대사|지구시스템과학|데이터 과학,융합과학 탐구,"출처 : 서울특별시교육청교육연구정보원, 2022 개정 교육과정 선택 과목 안내서, 해양공학과",https://www.career.go.kr/cloud/w/major/uView?seq=505,2026-06-02T12:16:42+00:00
10117,응용소프트웨어공학과,공학계열,2023-06-01,대수|확률과 통계|미적분 Ⅰ|인공지능 수학|영어Ⅰ|영어Ⅱ|영어독해와 작문|물리학|정보,기하|미적분Ⅱ|인공지능 수학|전자기와 양자|역학과 에너지|로봇과 공학세계|인공지능 기초|데이터 과학,실용 통계|수학과제 탐구|창의 공학 설계|소프트웨어와 생활,"출처 : 서울특별시교육청교육연구정보원, 2022 개정 교육과정 선택 과목 안내서, 소프트웨어학과",https://www.career.go.kr/cloud/w/major/uView?seq=10117,2026-06-02T12:16:42+00:00
21027,산업공학과,공학계열,2023-06-01,대수|확률과 통계|미적분 Ⅰ|인공지능 수학|세계시민과 지리|사회와 문화|정보,기하|미적분Ⅱ|도시의 미래 탐구|경제|로봇과 공학세계|인공지능 기초|데이터 과학,실용 통계|사회문제 탐구|금융과 경제생활|윤리문제 탐구|창의공학 설계|소프트웨어와 생활,"출처 : 서울특별시교육청교육연구정보원, 2022 개정 교육과정 선택 과목 안내서, 산업공학과",https://www.career.go.kr/cloud/w/major/uView?seq=21027,2026-06-02T12:16:43+00:00
250,산업공학과,공학계열,2023-06-01,대수|확률과 통계|미적분 Ⅰ|인공지능 수학|세계시민과 지리|사회와 문화|정보,기하|미적분Ⅱ|도시의 미래 탐구|경제|로봇과 공학세계|인공지능 기초|데이터 과학,실용 통계|사회문제 탐구|금융과 경제생활|윤리문제 탐구|창의공학 설계|소프트웨어와 생활,"출처 : 서울특별시교육청교육연구정보원, 2022 개정 교육과정 선택 과목 안내서, 산업공학과",https://www.career.go.kr/cloud/w/major/uView?seq=250,2026-06-02T12:16:43+00:00
149,멀티미디어학과,공학계열,2023-06-01,대수|확률과 통계|미적분 Ⅰ|인공지능 수학|영어 Ⅰ|영어Ⅱ|영어독해와 작문|물리학|음악|미술|정보,기하|미적분Ⅱ|인공지능 수학|전자기와 양자|역학과 에너지|로봇과 공학세계|인공지능 기초|데이터 과학,실용 통계|미디어 영어|사회문제 탐구|창의 공학 설계|소프트웨어와 생활,"출처 : 서울특별시교육청교육연구정보원, 2022 개정 교육과정 선택 과목 안내서, 멀티미디어학과",https://www.career.go.kr/cloud/w/major/uView?seq=149,2026-06-02T12:16:44+00:00
532,디지털콘텐츠학과,공학계열,2023-06-01,대수|확률과 통계|미적분 Ⅰ|인공지능 수학|영어 Ⅰ|영어Ⅱ|영어독해와 작문|물리학|음악|미술|정보,기하|미적분Ⅱ|인공지능 수학|전자기와 양자|역학과 에너지|로봇과 공학세계|인공지능 기초|데이터 과학,실용 통계|미디어 영어|사회문제 탐구|창의 공학 설계|소프트웨어와 생활,"출처 : 서울특별시교육청교육연구정보원, 2022 개정 교육과정 선택 과목 안내서, 멀티미디어학과",https://www.career.go.kr/cloud/w/major/uView?seq=532,2026-06-02T12:16:44+00:00
568,게임콘텐츠과,공학계열,2023-06-01,대수|확률과 통계|미적분 Ⅰ|인공지능 수학|영어 Ⅰ|영어Ⅱ|영어독해와 작문|물리학|음악|미술|정보,기하|미적분Ⅱ|인공지능 수학|전자기와 양자|역학과 에너지|로봇과 공학세계|인공지능 기초|데이터 과학,실용 통계|미디어 영어|사회문제 탐구|창의 공학 설계|소프트웨어와 생활,"출처 : 서울특별시교육청교육연구정보원, 2022 개정 교육과정 선택 과목 안내서, 멀티미디어학과",https://www.career.go.kr/cloud/w/major/uView?seq=568,2026-06-02T12:16:44+00:00
21,게임공학과,공학계열,2023-06-01,대수|확률과 통계|미적분 Ⅰ|인공지능 수학|영어 Ⅰ|영어Ⅱ|영어독해와 작문|물리학|음악|미술|정보,기하|미적분Ⅱ|인공지능 수학|전자기와 양자|역학과 에너지|로봇과 공학세계|인공지능 기초|데이터 과학,실용 통계|미디어 영어|사회문제 탐구|창의 공학 설계|소프트웨어와 생활,"출처 : 서울특별시교육청교육연구정보원, 2022 개정 교육과정 선택 과목 안내서, 멀티미디어학과",https://www.career.go.kr/cloud/w/major/uView?seq=21,2026-06-02T12:16:45+00:00
558,미디어출판과,공학계열,2023-06-01,대수|확률과 통계|미적분 Ⅰ|인공지능 수학|영어 Ⅰ|영어Ⅱ|영어독해와 작문|물리학|음악|미술|정보,기하|미적분Ⅱ|인공지능 수학|전자기와 양자|역학과 에너지|로봇과 공학세계|인공지능 기초|데이터 과학,실용 통계|미디어 영어|사회문제 탐구|창의 공학 설계|소프트웨어와 생활,"출처 : 서울특별시교육청교육연구정보원, 2022 개정 교육과정 선택 과목 안내서, 멀티미디어학과",https://www.career.go.kr/cloud/w/major/uView?seq=558,2026-06-02T12:16:45+00:00
148,멀티미디어과,공학계열,2023-06-01,대수|확률과 통계|미적분 Ⅰ|인공지능 수학|영어 Ⅰ|영어Ⅱ|영어독해와 작문|물리학|음악|미술|정보,기하|미적분Ⅱ|인공지능 수학|전자기와 양자|역학과 에너지|로봇과 공학세계|인공지능 기초|데이터 과학,실용 통계|미디어 영어|사회문제 탐구|창의 공학 설계|소프트웨어와 생활,"출처 : 서울특별시교육청교육연구정보원, 2022 개정 교육과정 선택 과목 안내서, 멀티미디어학과",https://www.career.go.kr/cloud/w/major/uView?seq=148,2026-06-02T12:16:46+00:00
541,천문학과,자연계열,2023-05-15,대수|미적분Ⅰ|확률과 통계|물리학|화학|지구과학|정보,기하|미적분Ⅱ|인공지능 수학|역학과 메너지|전자기와 양자|지구시스템과학|행성우주과학|물질과 에너지,수학과 문화|융합과학 탐구,"출처 : 서울특별시교육청교육연구정보원, 2022 개정 교육과정 선택 과목 안내서, 천문학과",https://www.career.go.kr/cloud/w/major/uView?seq=541,2026-06-02T12:16:46+00:00
322,신문방송학과,사회계열,2023-05-11,문학|독서와 작문|화법과 언어|사회와 문화|정보,정치|법과 사회|경제|윤리와 사상|인간과 심리,소프트웨어와 생활|사회문제 탐구|윤리문제 탐구,"출처 : 서울특별시교육청교육연구정보원, 2022 개정 교육과정 선택 과목 안내서, 정보미디어학과",https://www.career.go.kr/cloud/w/major/uView?seq=322,2026-06-02T12:16:46+00:00
246,산업경영과,사회계열,2023-05-11,화법과 언어|독서와 작문|문학|대수|미적분I|확률과 통계|영어I|영어II|영어 독해와 작문|세계시민과 지리|세계사|사회와 문화|정보|제2외국어 과목,미적분II|기하|경제 수학|영어 발표와 토론|법과 사회|경제|윤리와 사상|국제 관계의 이해|인공지능 기초|데이터 과학,실용 통계|수학과제 탐구|실생활 영어 회화|세계 문화와 영어|사회문제 탐구|금융과 경제생활|제2외국어 문화 과목,"출처 : 서울특별시교육청교육연구정보원, 2022 개정 교육과정 선택 과목 안내서, 경영학과",https://www.career.go.kr/cloud/w/major/uView?seq=246,2026-06-02T12:16:47+00:00
10025,e-비즈니스과,사회계열,2023-05-11,화법과 언어|독서와 작문|문학|대수|미적분I|확률과 통계|영어I|영어II|영어 독해와 작문|세계시민과 지리|세계사|사회와 문화|정보|제2외국어 과목,미적분II|기하|경제 수학|영어 발표와 토론|법과 사회|경제|윤리와 사상|국제 관계의 이해|인공지능 기초|데이터 과학,실용 통계|수학과제 탐구|실생활 영어 회화|세계 문화와 영어|사회문제 탐구|금융과 경제생활|제2외국어 문화 과목,"출처 : 서울특별시교육청교육연구정보원, 2022 개정 교육과정 선택 과목 안내서, 경영학과",https://www.career.go.kr/cloud/w/major/uView?seq=10025,2026-06-02T12:16:47+00:00
607,품질관리과,사회계열,2023-05-09,화법과 언어|독서와 작문|문학|대수|미적분I|확률과 통계|영어I|영어II|영어 독해와 작문|세계시민과 지리|세계사|사회와 문화|정보|제2외국어 과목,미적분II|기하|경제 수학|영어 발표와 토론|법과 사회|경제|윤리와 사상|국제 관계의 이해|인공지능 기초|데이터 과학,실용 통계|수학과제 탐구|실생활 영어 회화|세계 문화와 영어|사회문제 탐구|금융과 경제생활|제2외국어 문화 과목,"출처 : 서울특별시교육청교육연구정보원, 2022 개정 교육과정 선택 과목 안내서, 경영학과",https://www.career.go.kr/cloud/w/major/uView?seq=607,2026-06-02T12:16:48+00:00
69,국어국문학과,인문계열,2023-05-09,화법과 언어|독서와 작문|문학|사회와 문화|현대사회와 윤리|연극,주제 탐구 독서|문학과 영상|직무 의사소통|인묵학과 윤리|논리와 사고,독서 토론과 글쓰기|매체 의사소통|언어생활 탐구|논술,"출처 : 서울특별시교육청교육연구정보원, 2022 개정 교육과정 선택 과목 안내서, 국어국문학과",https://www.career.go.kr/cloud/w/major/uView?seq=69,2026-06-02T12:16:48+00:00
10154,세무회계학과,사회계열,2023-05-09,화법과 언어|독서와 작문|문학|대수|미적분I|확률과 통계|영어I|영어II|영어 독해와 작문|세계시민과 지리|세계사|사회와 문화|정보|제2외국어 과목,미적분II|기하|경제 수학|영어 발표와 토론|법과 사회|경제|윤리와 사상|국제 관계의 이해|인공지능 기초|데이터 과학,실용 통계|수학과제 탐구|실생활 영어 회화|세계 문화와 영어|사회문제 탐구|금융과 경제생활|제2외국어 문화 과목,"출처 : 서울특별시교육청교육연구정보원, 2022 개정 교육과정 선택 과목 안내서, 세무·회계학과",https://www.career.go.kr/cloud/w/major/uView?seq=10154,2026-06-02T12:16:48+00:00
70,국제통상학과,사회계열,2023-05-09,화법과 언어|독서와 작문|문학|대수|미적분I|확률과 통계|영어I|영어II|영어 독해와 작문|세계시민과 지리|세계사|사회와 문화|정보|제2외국어 과목,미적분II|기하|경제 수학|영어 발표와 토론|법과 사회|경제|윤리와 사상|국제 관계의 이해|인공지능 기초|데이터 과학,실용 통계|수학과제 탐구|실생활 영어 회화|세계 문화와 영어|사회문제 탐구|금융과 경제생활|제2외국어 문화 과목,"출처 : 서울특별시교육청교육연구정보원, 2022 개정 교육과정 선택 과목 안내서, 무역·유통학과",https://www.career.go.kr/cloud/w/major/uView?seq=70,2026-06-02T12:16:49+00:00
50,광고기획과,사회계열,2023-05-09,화법과 언어|독서와 작문|확률과 통계|사회와 문화|세계시민과 지리|세계사|현대사회와 윤리,문학과 영상|직무 영어|경제|동아시아 역사 기행|법과 사회|인간과 심리,메체 의사소통|사회문제 탐구|여행지리|윤리문제 탐구,"출처 : 서울특별시교육청교육연구정보원, 2022 개정 교육과정 선택 과목 안내서, 광고홍보학과",https://www.career.go.kr/cloud/w/major/uView?seq=50,2026-06-02T12:16:49+00:00
432,일본어과,인문계열,2023-05-09,화법과 언어|독서와 작문|문학|세계시민과 지리|세계사|사회와 문화|제2외국어|한문,문학과 영상|인문학과 윤리|동아시아 역사 기행|국제 관계의 이해|제2외국어 회화|심화 제2외국어,언어생활 탐구|여행지리|역사로 탐구하는 현대 세계|사회문제 탐구|제2외국어 문화|언어생활과 한자,"출처 : 서울특별시교육청교육연구정보원, 2022 개정 교육과정 선택 과목 안내서, 동양어학과",https://www.career.go.kr/cloud/w/major/uView?seq=432,2026-06-02T12:16:50+00:00
456,재료공학과,공학계열,2023-01-16,대수|미적분Ⅰ|확률과 통계|물리학|화학|생명과학|지구과학|정보,기하|미적분Ⅱ|역학과 에너지|전자기와 양자|물질과 에너지|화학 반응의 세계|세포와 물질대사|로봇과 공학세계,융합과학 탐구,"출처 : 서울특별시교육청교육연구정보원, 2022 개정 교육과정 선택 과목 안내서, 재료공학과",https://www.career.go.kr/cloud/w/major/uView?seq=456,2026-06-02T12:16:50+00:00
351,연극영화과,예체능계열,2022-09-14,화법과 언어|문학|연극,문학과 영상|연극과 몸|연극과 말|연기|무대 미술과 기술|연극제작 실습|연극 감상과 비평,매체 의사소통|연극과 삶|음악과 미디어|미술과 매체,"출처 : 서울특별시교육청교육연구정보원, 2022 개정 교육과정 선택 과목 안내서, 연극영화학과",https://www.career.go.kr/cloud/w/major/uView?seq=351,2026-06-02T12:16:51+00:00
493,제과제빵과,자연계열,2022-08-02,대수|미적분 Ⅰ|확률과 통계|사회와 문화|화학|생명과학|기술|가정|정보,미적분Ⅱ|경제|물질과 에너지|화학 반응의 세계|세포와 물질대사|생물의 유전|생활과학 탐구,실용 통계,"출처 : 서울특별시교육청교육연구정보원, 2022 개정 교육과정 선택 과목 안내서, 식품영양학과",https://www.career.go.kr/cloud/w/major/uView?seq=493,2026-06-02T12:16:51+00:00
318,식품영양학과,자연계열,2022-06-23,대수|미적분 Ⅰ|확률과 통계|사회와 문화|화학|생명과학|기술|가정|정보,미적분Ⅱ|경제|물질과 에너지|화학 반응의 세계|세포와 물질대사|생물의 유전|생활과학 탐구,실용 통계,"출처 : 서울특별시교육청교육연구정보원, 2022 개정 교육과정 선택 과목 안내서, 식품영양학과",https://www.career.go.kr/cloud/w/major/uView?seq=318,2026-06-02T12:16:52+00:00
646,화장품과,공학계열,2022-06-23,대수|미적분Ⅰ|확률과 통계|물리학|화학|생명과학|정보,기하|미적분Ⅱ|물질과 에너지|화학 반응의 세계|세포와 물질대사|생물의 유전,융합과학 탐구,"출처 : 서울특별시교육청교육연구정보원, 2022 개정 교육과정 선택 과목 안내서, 화장품과학과",https://www.career.go.kr/cloud/w/major/uView?seq=646,2026-06-02T12:16:52+00:00
240,사회복지학과,사회계열,2022-05-17,현대사회와 윤리|사회와 문화,윤리와 사상|정치|법과 사회|경제|한국지리탐구|도시의 미래 탐구|국제 관계의 이해|생활과학 탐구|인간과 심리,사회문제 탐구|윤리문제 탐구,"출처 : 서울특별시교육청교육연구정보원, 2022 개정 교육과정 선택 과목 안내서, 사회복지학과",https://www.career.go.kr/cloud/w/major/uView?seq=240,2026-06-02T12:16:53+00:00
10029,항공서비스학과,사회계열,2022-04-12,현대사회와 윤리|세계시민과 지리|세계사|사회와 문화|제 2외국어 과목,직무 영어|한국지리 탐구,세계 문화와 영어|여행지리|사회문제 탐구,"출처 : 서울특별시교육청교육연구정보원, 2022 개정 교육과정 선택 과목 안내서, 항공서비스학과",https://www.career.go.kr/cloud/w/major/uView?seq=10029,2026-06-02T12:16:53+00:00
10021,작업치료학과,의약계열,2022-04-12,물리학|화학|생명과학|현대사회와 윤리,세포와 물질대사|생물의 유전|법과 사회|보건,융합과학 탐구,"출처 : 서울특별시교육청교육연구정보원, 2022 개정 교육과정 선택 과목 안내서, 재활치료학과",https://www.career.go.kr/cloud/w/major/uView?seq=10021,2026-06-02T12:16:53+00:00
376,외식산업학과,사회계열,2022-04-12,화법과 언어|독서와 작문|문학|대수|미적분I|확률과 통계|영어I|영어II|영어 독해와 작문|세계시민과 지리|세계사|사회와 문화|정보|제2외국어 과목,미적분II|기하|경제 수학|영어 발표와 토론|법과 사회|경제|윤리와 사상|국제 관계의 이해|인공지능 기초|데이터 과학,실용 통계|수학과제 탐구|실생활 영어 회화|세계 문화와 영어|사회문제 탐구|금융과 경제생활|제2외국어 문화 과목,"출처 : 서울특별시교육청교육연구정보원, 2022 개정 교육과정 선택 과목 안내서, 경영학과",https://www.career.go.kr/cloud/w/major/uView?seq=376,2026-06-02T12:16:54+00:00
10024,실내디자인학과,예체능계열,2022-04-12,독서와 작문|문학|대수|확률과 통계|영어Ⅰ|영어Ⅱ|영어 독해오작문|미술|정보,주제 탐구 독서|문학과 영상|미술 창작|미술 감상과 비평|인간과 심리,매체 의사소통|미디어 영어|세계 문화와 영어|여행지리|사회문제 탐구|미술과 매체,"출처 : 서울특별시교육청교육연구정보원, 2022 개정 교육과정 선택 과목 안내서, 디자인과",https://www.career.go.kr/cloud/w/major/uView?seq=10024,2026-06-02T12:16:54+00:00
253,산업디자인학과,예체능계열,2022-04-12,독서와 작문|문학|대수|확률과 통계|영어Ⅰ|영어Ⅱ|영어 독해오작문|미술|정보,주제 탐구 독서|문학과 영상|미술 창작|미술 감상과 비평|인간과 심리,매체 의사소통|미디어 영어|세계 문화와 영어|여행지리|사회문제 탐구|미술과 매체,"출처 : 서울특별시교육청교육연구정보원, 2022 개정 교육과정 선택 과목 안내서, 디자인과",https://www.career.go.kr/cloud/w/major/uView?seq=253,2026-06-02T12:16:55+00:00
10,간호학과,의약계열,2022-04-12,화학|생명과학|사회와 문화|현대사회와 윤리,윤리와 사상|인문학과 윤리|물질과 에너지|화학 반응의 세계|세포와 물질대사|생물의 유전|인공지능기초|데이터 과학|보건,융합과학 탐구|생명과학 실험,"출처 : 서울특별시교육청교육연구정보원, 2022 개정 교육과정 선택 과목 안내서, 간호학과",https://www.career.go.kr/cloud/w/major/uView?seq=10,2026-06-02T12:16:55+00:00
582,코디네이션과,예체능계열,2022-04-12,독서와 작문|문학|대수|확률과 통계|영어Ⅰ|영어Ⅱ|영어 독해오작문|미술|정보,주제 탐구 독서|문학과 영상|미술 창작|미술 감상과 비평|인간과 심리,매체 의사소통|미디어 영어|세계 문화와 영어|여행지리|사회문제 탐구|미술과 매체,"출처 : 서울특별시교육청교육연구정보원, 2022 개정 교육과정 선택 과목 안내서, 디자인과",https://www.career.go.kr/cloud/w/major/uView?seq=582,2026-06-02T12:16:55+00:00
303,스페인어학과,인문계열,2022-03-25,화법과 언어|독서와 작문|문학|세계시민과 지리|세계사|사회와 문화|제2외국어,문학과 영상|인문학과 윤리|국제 관계의 이해|제2외국어 회화|심화 제2외국어,언어생활 탐구|여행지리|역사로 탐구하는 현대 세계|사회문제 탐구|제2외국어 문화,"출처 : 서울특별시교육청교육연구정보원, 2022 개정 교육과정 선택 과목 안내서, 서양어학과",https://www.career.go.kr/cloud/w/major/uView?seq=303,2026-06-02T12:16:56+00:00
352,연극영화학과,예체능계열,2022-03-23,화법과 언어|문학|연극,문학과 영상|연극과 몸|연극과 말|연기|무대 미술과 기술|연극제작 실습|연극 감상과 비평,매체 의사소통|연극과 삶|음악과 미디어|미술과 매체,"출처 : 서울특별시교육청교육연구정보원, 2022 개정 교육과정 선택 과목 안내서, 연극영화학과",https://www.career.go.kr/cloud/w/major/uView?seq=352,2026-06-02T12:16:56+00:00
10045,예술치료학과,의약계열,2022-03-14,물리학|화학|생명과학|현대사회와 윤리,세포와 물질대사|생물의 유전|법과 사회|보건,융합과학 탐구,"출처 : 서울특별시교육청교육연구정보원, 2022 개정 교육과정 선택 과목 안내서, 재활치료학과",https://www.career.go.kr/cloud/w/major/uView?seq=10045,2026-06-02T12:16:57+00:00
423,부사관과,사회계열,2022-03-14,화법과 언어|독서와 작문|문학|확률과 통계|영어 I|영어프|영어독해와 작문|세계시민과 지리|사회와 문화|현대사회와 윤리|정보|제2외국어 과목|한문,주제 탐구 독서|영어 발표와 토론|정치|법과 사회|경제|윤리와 사상|국제 관계의 이해,독서 토론과 글쓰기|매체 의사소통|실용 통계|수학과제 탐구|사회문제 탐구,"출처 : 서울특별시교육청교육연구정보원, 2022 개정 교육과정 선택 과목 안내서, 행정학과",https://www.career.go.kr/cloud/w/major/uView?seq=423,2026-06-02T12:16:57+00:00
10146,교양자연과학부,자연계열,2022-01-06,대수|미적분 Ⅰ|확률과 통계|물리학|화학|생명과학,기하|미적분Ⅱ|인공지능 수학|물질과 에너지|화학 반응의 세계|세포와 물질대사|생물의 유전,수학과제 탐구|기후변화와 환경생태|융합과학 탐구,"출처 : 서울특별시교육청교육연구정보원, 2022 개정 교육과정 선택 과목 안내서, 생명과학과",https://www.career.go.kr/cloud/w/major/uView?seq=10146,2026-06-02T12:16:58+00:00
10144,교양생활과학부,자연계열,2022-01-06,대수|미적분 Ⅰ|확률과 통계|사회와 문화|화학|생명과학|기술|가정|정보,미적분Ⅱ|경제|물질과 에너지|화학 반응의 세계|세포와 물질대사|생물의 유전|생활과학 탐구,실용 통계,"출처 : 서울특별시교육청교육연구정보원, 2022 개정 교육과정 선택 과목 안내서, 식품영양학과",https://www.career.go.kr/cloud/w/major/uView?seq=10144,2026-06-02T12:16:58+00:00
333,아동복지학과,사회계열,2022-01-06,현대사회와 윤리|사회와 문화|기술|가정,정치|법과 사회|생활과학 탐구,사회문제 탐구|윤리문제 탐구|생애 설계와 자립,"출처 : 서울특별시교육청교육연구정보원, 2022 개정 교육과정 선택 과목 안내서, 아동학과",https://www.career.go.kr/cloud/w/major/uView?seq=333,2026-06-02T12:16:58+00:00
226,불어불문학과,인문계열,2021-12-07,화법과 언어|독서와 작문|문학|세계시민과 지리|세계사|사회와 문화|제2외국어,문학과 영상|인문학과 윤리|국제 관계의 이해|제2외국어 회화|심화 제2외국어,언어생활 탐구|여행지리|역사로 탐구하는 현대 세계|사회문제 탐구|제2외국어 문화,"출처 : 서울특별시교육청교육연구정보원, 2022 개정 교육과정 선택 과목 안내서, 서양어학과",https://www.career.go.kr/cloud/w/major/uView?seq=226,2026-06-02T12:16:59+00:00
21001,IT융합학과,공학계열,2021-09-23,대수|확률과 통계|미적분 Ⅰ|물리학|화학|생명과학|지구과학|정보,기하|미적분Ⅱ|인공지능 수학|역학과 에너지|전자기와 양자|물질과 에너지|화학 반응의 세계|세포와 물질대사|생물의 유전|지구시스템과학|행성우주과학|로봇과 공학세계|생활과학 탐구|인공지능 기초|데이터 과학,실용 통계|수학과제 탐구|융합과학 탐구|사회문제 탐구|창의 공학 설계|소프트웨어와 생활,"출처 : 서울특별시교육청교육연구정보원, 2022 개정 교육과정 선택 과목 안내서, 융합학과",https://www.career.go.kr/cloud/w/major/uView?seq=21001,2026-06-02T12:16:59+00:00
10026,군사학과,사회계열,2021-09-23,사회와 문화|세계시민과 지리|세계사,정치|법과 사회|경제|국제 관계의 이해|윤리와 사상|동아시아 역사 기행,기후변화와 지속가능한 세계|사회문제 탐구|윤리문제 탐구|역사로 탐구하는 현대 세계,"출처 : 서울특별시교육청교육연구정보원, 2022 개정 교육과정 선택 과목 안내서, 정치외교학과",https://www.career.go.kr/cloud/w/major/uView?seq=10026,2026-06-02T12:17:00+00:00
550,청소년지도학과,사회계열,2021-08-25,현대사회와 윤리|사회와 문화|기술|가정,정치|법과 사회|생활과학 탐구,사회문제 탐구|윤리문제 탐구|생애 설계와 자립,"출처 : 서울특별시교육청교육연구정보원, 2022 개정 교육과정 선택 과목 안내서, 아동학과",https://www.career.go.kr/cloud/w/major/uView?seq=550,2026-06-02T12:17:00+00:00
377,외식조리과,자연계열,2021-08-05,대수|미적분 Ⅰ|확률과 통계|사회와 문화|화학|생명과학|기술|가정|정보,미적분Ⅱ|경제|물질과 에너지|화학 반응의 세계|세포와 물질대사|생물의 유전|생활과학 탐구,실용 통계,"출처 : 서울특별시교육청교육연구정보원, 2022 개정 교육과정 선택 과목 안내서, 식품영양학과",https://www.career.go.kr/cloud/w/major/uView?seq=377,2026-06-02T12:17:00+00:00
21020,의료경영학과,사회계열,2021-07-01,화법과 언어|독서와 작문|문학|대수|미적분I|확률과 통계|영어I|영어II|영어 독해와 작문|세계시민과 지리|세계사|사회와 문화|정보|제2외국어 과목,미적분II|기하|경제 수학|영어 발표와 토론|법과 사회|경제|윤리와 사상|국제 관계의 이해|인공지능 기초|데이터 과학,실용 통계|수학과제 탐구|실생활 영어 회화|세계 문화와 영어|사회문제 탐구|금융과 경제생활|제2외국어 문화 과목,"출처 : 서울특별시교육청교육연구정보원, 2022 개정 교육과정 선택 과목 안내서, 경영학과",https://www.career.go.kr/cloud/w/major/uView?seq=21020,2026-06-02T12:17:01+00:00
332,아동복지과,사회계열,2021-07-01,현대사회와 윤리|사회와 문화|기술|가정,정치|법과 사회|생활과학 탐구,사회문제 탐구|윤리문제 탐구|생애 설계와 자립,"출처 : 서울특별시교육청교육연구정보원, 2022 개정 교육과정 선택 과목 안내서, 아동학과",https://www.career.go.kr/cloud/w/major/uView?seq=332,2026-06-02T12:17:01+00:00
45,관광경영과,사회계열,2021-07-01,화법과 언어|독서와 작문|문학|대수|미적분I|확률과 통계|영어I|영어II|영어 독해와 작문|세계시민과 지리|세계사|사회와 문화|정보|제2외국어 과목,경제 수학|영어 발표와 토론|법과 사회|경제|윤리와 사상|국제 관계의 이해|인공지능 기초|데이터 과학,실용 통계|수학과제 탐구|실생활 영어 회화|세계 문화와 영어|사회문제 탐구|금융과 경제생활|제2외국어 문화 과목,"출처 : 서울특별시교육청교육연구정보원, 2022 개정 교육과정 선택 과목 안내서, 호텔·관광경영학과",https://www.career.go.kr/cloud/w/major/uView?seq=45,2026-06-02T12:17:02+00:00
644,호텔외식경영과,사회계열,2021-07-01,화법과 언어|독서와 작문|문학|대수|미적분I|확률과 통계|영어I|영어II|영어 독해와 작문|세계시민과 지리|세계사|사회와 문화|정보|제2외국어 과목,경제 수학|영어 발표와 토론|법과 사회|경제|윤리와 사상|국제 관계의 이해|인공지능 기초|데이터 과학,실용 통계|수학과제 탐구|실생활 영어 회화|세계 문화와 영어|사회문제 탐구|금융과 경제생활|제2외국어 문화 과목,"출처 : 서울특별시교육청교육연구정보원, 2022 개정 교육과정 선택 과목 안내서, 호텔·관광경영학과",https://www.career.go.kr/cloud/w/major/uView?seq=644,2026-06-02T12:17:02+00:00
643,호텔경영과,사회계열,2021-07-01,화법과 언어|독서와 작문|문학|대수|미적분I|확률과 통계|영어I|영어II|영어 독해와 작문|세계시민과 지리|세계사|사회와 문화|정보|제2외국어 과목,경제 수학|영어 발표와 토론|법과 사회|경제|윤리와 사상|국제 관계의 이해|인공지능 기초|데이터 과학,실용 통계|수학과제 탐구|실생활 영어 회화|세계 문화와 영어|사회문제 탐구|금융과 경제생활|제2외국어 문화 과목,"출처 : 서울특별시교육청교육연구정보원, 2022 개정 교육과정 선택 과목 안내서, 호텔·관광경영학과",https://www.career.go.kr/cloud/w/major/uView?seq=643,2026-06-02T12:17:02+00:00
567,컨벤션산업과,사회계열,2021-07-01,화법과 언어|독서와 작문|문학|대수|미적분I|확률과 통계|영어I|영어II|영어 독해와 작문|세계시민과 지리|세계사|사회와 문화|정보|제2외국어 과목,미적분II|기하|경제 수학|영어 발표와 토론|법과 사회|경제|윤리와 사상|국제 관계의 이해|인공지능 기초|데이터 과학,실용 통계|수학과제 탐구|실생활 영어 회화|세계 문화와 영어|사회문제 탐구|금융과 경제생활|제2외국어 문화 과목,"출처 : 서울특별시교육청교육연구정보원, 2022 개정 교육과정 선택 과목 안내서, 경영학과",https://www.career.go.kr/cloud/w/major/uView?seq=567,2026-06-02T12:17:03+00:00
542,철도경영과,사회계열,2021-07-01,화법과 언어|독서와 작문|문학|대수|미적분I|확률과 통계|영어I|영어II|영어 독해와 작문|세계시민과 지리|세계사|사회와 문화|정보|제2외국어 과목,미적분II|기하|경제 수학|영어 발표와 토론|법과 사회|경제|윤리와 사상|국제 관계의 이해|인공지능 기초|데이터 과학,실용 통계|수학과제 탐구|실생활 영어 회화|세계 문화와 영어|사회문제 탐구|금융과 경제생활|제2외국어 문화 과목,"출처 : 서울특별시교육청교육연구정보원, 2022 개정 교육과정 선택 과목 안내서, 경영학과",https://www.career.go.kr/cloud/w/major/uView?seq=542,2026-06-02T12:17:03+00:00
540,창업경영과,사회계열,2021-07-01,화법과 언어|독서와 작문|문학|대수|미적분I|확률과 통계|영어I|영어II|영어 독해와 작문|세계시민과 지리|세계사|사회와 문화|정보|제2외국어 과목,미적분II|기하|경제 수학|영어 발표와 토론|법과 사회|경제|윤리와 사상|국제 관계의 이해|인공지능 기초|데이터 과학,실용 통계|수학과제 탐구|실생활 영어 회화|세계 문화와 영어|사회문제 탐구|금융과 경제생활|제2외국어 문화 과목,"출처 : 서울특별시교육청교육연구정보원, 2022 개정 교육과정 선택 과목 안내서, 경영학과",https://www.career.go.kr/cloud/w/major/uView?seq=540,2026-06-02T12:17:04+00:00
10035,중국비즈니스과,사회계열,2021-07-01,화법과 언어|독서와 작문|문학|대수|미적분I|확률과 통계|영어I|영어II|영어 독해와 작문|세계시민과 지리|세계사|사회와 문화|정보|제2외국어 과목,경제 수학|영어 발표와 토론|법과 사회|경제|윤리와 사상|국제 관계의 이해|인공지능 기초|데이터 과학,실용 통계|수학과제 탐구|실생활 영어 회화|세계 문화와 영어|사회문제 탐구|금융과 경제생활|제2외국어 문화 과목,"출처 : 서울특별시교육청교육연구정보원, 2022 개정 교육과정 선택 과목 안내서, 호텔·관광경영학과",https://www.career.go.kr/cloud/w/major/uView?seq=10035,2026-06-02T12:17:04+00:00
393,유통경영과,사회계열,2021-07-01,화법과 언어|독서와 작문|문학|대수|미적분I|확률과 통계|영어I|영어II|영어 독해와 작문|세계시민과 지리|세계사|사회와 문화|정보|제2외국어 과목,미적분II|기하|경제 수학|영어 발표와 토론|법과 사회|경제|윤리와 사상|국제 관계의 이해|인공지능 기초|데이터 과학,실용 통계|수학과제 탐구|실생활 영어 회화|세계 문화와 영어|사회문제 탐구|금융과 경제생활|제2외국어 문화 과목,"출처 : 서울특별시교육청교육연구정보원, 2022 개정 교육과정 선택 과목 안내서, 경영학과",https://www.career.go.kr/cloud/w/major/uView?seq=393,2026-06-02T12:17:04+00:00
375,외식산업과,사회계열,2021-07-01,화법과 언어|독서와 작문|문학|대수|미적분I|확률과 통계|영어I|영어II|영어 독해와 작문|세계시민과 지리|세계사|사회와 문화|정보|제2외국어 과목,미적분II|기하|경제 수학|영어 발표와 토론|법과 사회|경제|윤리와 사상|국제 관계의 이해|인공지능 기초|데이터 과학,실용 통계|수학과제 탐구|실생활 영어 회화|세계 문화와 영어|사회문제 탐구|금융과 경제생활|제2외국어 문화 과목,"출처 : 서울특별시교육청교육연구정보원, 2022 개정 교육과정 선택 과목 안내서, 경영학과",https://www.career.go.kr/cloud/w/major/uView?seq=375,2026-06-02T12:17:05+00:00
220,부동산과,사회계열,2021-07-01,화법과 언어|독서와 작문|문학|대수|미적분I|확률과 통계|영어I|영어II|영어 독해와 작문|세계시민과 지리|세계사|사회와 문화|정보|제2외국어 과목,미적분II|기하|경제 수학|영어 발표와 토론|법과 사회|경제|윤리와 사상|국제 관계의 이해|인공지능 기초|데이터 과학,실용 통계|수학과제 탐구|실생활 영어 회화|세계 문화와 영어|사회문제 탐구|금융과 경제생활|제2외국어 문화 과목,"출처 : 서울특별시교육청교육연구정보원, 2022 개정 교육과정 선택 과목 안내서, 경영학과",https://www.career.go.kr/cloud/w/major/uView?seq=220,2026-06-02T12:17:05+00:00
143,마케팅경영과,사회계열,2021-07-01,화법과 언어|독서와 작문|문학|대수|미적분I|확률과 통계|영어I|영어II|영어 독해와 작문|세계시민과 지리|세계사|사회와 문화|정보|제2외국어 과목,미적분II|기하|경제 수학|영어 발표와 토론|법과 사회|경제|윤리와 사상|국제 관계의 이해|인공지능 기초|데이터 과학,실용 통계|수학과제 탐구|실생활 영어 회화|세계 문화와 영어|사회문제 탐구|금융과 경제생활|제2외국어 문화 과목,"출처 : 서울특별시교육청교육연구정보원, 2022 개정 교육과정 선택 과목 안내서, 경영학과",https://www.career.go.kr/cloud/w/major/uView?seq=143,2026-06-02T12:17:06+00:00
10148,국제경영과,사회계열,2021-07-01,화법과 언어|독서와 작문|문학|대수|미적분I|확률과 통계|영어I|영어II|영어 독해와 작문|세계시민과 지리|세계사|사회와 문화|정보|제2외국어 과목,미적분II|기하|경제 수학|영어 발표와 토론|법과 사회|경제|윤리와 사상|국제 관계의 이해|인공지능 기초|데이터 과학,실용 통계|수학과제 탐구|실생활 영어 회화|세계 문화와 영어|사회문제 탐구|금융과 경제생활|제2외국어 문화 과목,"출처 : 서울특별시교육청교육연구정보원, 2022 개정 교육과정 선택 과목 안내서, 무역·유통학과",https://www.career.go.kr/cloud/w/major/uView?seq=10148,2026-06-02T12:17:06+00:00
22,경영정보과,사회계열,2021-07-01,화법과 언어|독서와 작문|문학|대수|미적분I|확률과 통계|영어I|영어II|영어 독해와 작문|세계시민과 지리|세계사|사회와 문화|정보|제2외국어 과목,미적분II|기하|경제 수학|영어 발표와 토론|법과 사회|경제|윤리와 사상|국제 관계의 이해|인공지능 기초|데이터 과학,실용 통계|수학과제 탐구|실생활 영어 회화|세계 문화와 영어|사회문제 탐구|금융과 경제생활|제2외국어 문화 과목,"출처 : 서울특별시교육청교육연구정보원, 2022 개정 교육과정 선택 과목 안내서, 경영학과",https://www.career.go.kr/cloud/w/major/uView?seq=22,2026-06-02T12:17:07+00:00
10143,교양사회과학부,사회계열,2021-07-01,확률과 통계|사회와 문화|현대사회와 윤리|세계사|세계시민과 지리,법과 사회|정치|윤리와 사상|동아시아 역사 기행|한국지리 탐구|도시의 미래 탐구|인문학과 윤리,사회문제 탐구|윤리문제 탐구|역사로 탐구하는 현대 세계,"출처 : 서울특별시교육청교육연구정보원, 2022 개정 교육과정 선택 과목 안내서, 사회학과",https://www.career.go.kr/cloud/w/major/uView?seq=10143,2026-06-02T12:17:07+00:00
639,행정학과,사회계열,2021-07-01,화법과 언어|독서와 작문|문학|확률과 통계|영어 I|영어프|영어독해와 작문|세계시민과 지리|사회와 문화|현대사회와 윤리|정보|제2외국어 과목|한문,주제 탐구 독서|영어 발표와 토론|정치|법과 사회|경제|윤리와 사상|국제 관계의 이해,독서 토론과 글쓰기|매체 의사소통|실용 통계|수학과제 탐구|사회문제 탐구,"출처 : 서울특별시교육청교육연구정보원, 2022 개정 교육과정 선택 과목 안내서, 행정학과",https://www.career.go.kr/cloud/w/major/uView?seq=639,2026-06-02T12:17:07+00:00
630,해양경찰학과,사회계열,2021-07-01,화법과 언어|독서와 작문|문학|확률과 통계|영어 I|영어프|영어독해와 작문|세계시민과 지리|사회와 문화|현대사회와 윤리|정보|제2외국어 과목|한문,주제 탐구 독서|영어 발표와 토론|정치|법과 사회|경제|윤리와 사상|국제 관계의 이해,독서 토론과 글쓰기|매체 의사소통|실용 통계|수학과제 탐구|사회문제 탐구,"출처 : 서울특별시교육청교육연구정보원, 2022 개정 교육과정 선택 과목 안내서, 행정학과",https://www.career.go.kr/cloud/w/major/uView?seq=630,2026-06-02T12:17:08+00:00
228,비서행정학과,사회계열,2021-07-01,현대사회와 윤리|세계시민과 지리|세계사|사회와 문화|제 2외국어 과목,직무 영어|한국지리 탐구,세계 문화와 영어|여행지리|사회문제 탐구,"출처 : 서울특별시교육청교육연구정보원, 2022 개정 교육과정 선택 과목 안내서, 항공서비스학과",https://www.career.go.kr/cloud/w/major/uView?seq=228,2026-06-02T12:17:08+00:00
214,보건행정학과,사회계열,2021-07-01,화법과 언어|독서와 작문|문학|확률과 통계|영어 I|영어프|영어독해와 작문|세계시민과 지리|사회와 문화|현대사회와 윤리|정보|제2외국어 과목|한문,주제 탐구 독서|영어 발표와 토론|정치|법과 사회|경제|윤리와 사상|국제 관계의 이해,독서 토론과 글쓰기|매체 의사소통|실용 통계|수학과제 탐구|사회문제 탐구,"출처 : 서울특별시교육청교육연구정보원, 2022 개정 교육과정 선택 과목 안내서, 행정학과",https://www.career.go.kr/cloud/w/major/uView?seq=214,2026-06-02T12:17:09+00:00
27,경찰행정학과,사회계열,2021-07-01,화법과 언어|독서와 작문|문학|확률과 통계|영어 I|영어프|영어독해와 작문|세계시민과 지리|사회와 문화|현대사회와 윤리|정보|제2외국어 과목|한문,주제 탐구 독서|영어 발표와 토론|정치|법과 사회|경제|윤리와 사상|국제 관계의 이해,독서 토론과 글쓰기|매체 의사소통|실용 통계|수학과제 탐구|사회문제 탐구,"출처 : 서울특별시교육청교육연구정보원, 2022 개정 교육과정 선택 과목 안내서, 행정학과",https://www.career.go.kr/cloud/w/major/uView?seq=27,2026-06-02T12:17:09+00:00
492,정치외교학과,사회계열,2021-07-01,사회와 문화|세계시민과 지리|세계사,정치|법과 사회|경제|국제 관계의 이해|윤리와 사상|동아시아 역사 기행,기후변화와 지속가능한 세계|사회문제 탐구|윤리문제 탐구|역사로 탐구하는 현대 세계,"출처 : 서울특별시교육청교육연구정보원, 2022 개정 교육과정 선택 과목 안내서, 정치외교학과",https://www.career.go.kr/cloud/w/major/uView?seq=492,2026-06-02T12:17:10+00:00
181,미디어학과,사회계열,2021-07-01,문학|독서와 작문|화법과 언어|사회와 문화|정보,정치|법과 사회|경제|윤리와 사상|인간과 심리,소프트웨어와 생활|사회문제 탐구|윤리문제 탐구,"출처 : 서울특별시교육청교육연구정보원, 2022 개정 교육과정 선택 과목 안내서, 정보미디어학과",https://www.career.go.kr/cloud/w/major/uView?seq=181,2026-06-02T12:17:10+00:00
243,사회학과,사회계열,2021-07-01,확률과 통계|사회와 문화|현대사회와 윤리|세계사|세계시민과 지리,법과 사회|정치|윤리와 사상|동아시아 역사 기행|한국지리 탐구|도시의 미래 탐구|인문학과 윤리,사회문제 탐구|윤리문제 탐구|역사로 탐구하는 현대 세계,"출처 : 서울특별시교육청교육연구정보원, 2022 개정 교육과정 선택 과목 안내서, 사회학과",https://www.career.go.kr/cloud/w/major/uView?seq=243,2026-06-02T12:17:10+00:00
533,지역개발학과,사회계열,2021-07-01,대수|확률과 통계|세계시민과 지리|세계사|사회와 문화|지구과학|정보,기하|한국지리 탐구|도시의 미래 탐구|경제,여행지리|기후변화와 지속가능한 세계|사회문제 탐구,"출처 : 서울특별시교육청교육연구정보원, 2022 개정 교육과정 선택 과목 안내서, 지리학과",https://www.career.go.kr/cloud/w/major/uView?seq=533,2026-06-02T12:17:11+00:00
117,도시계획학과,사회계열,2021-07-01,대수|미적분Ⅰ|확률과 통계|물리학|화학|지구과학|정보,기하|미적분Ⅱ|도시의 미래 탐구|역학과 에너지|물질과 에너지|화학 반응의 세계|지구시스템과학|데이터 과학|전자기와 양자,융합과학 탐구|과학의 역사와 문화,"출처 : 서울특별시교육청교육연구정보원, 2022 개정 교육과정 선택 과목 안내서, 도시공학과",https://www.career.go.kr/cloud/w/major/uView?seq=117,2026-06-02T12:17:11+00:00
373,국제학부,사회계열,2021-07-01,세계시민과 지리|세계사|사회와 문화|제2외국어 과목,동아시아 역사 기행|정치|법과 사회|경제|국제 관계의 이해,기후변화와 지속가능한 세계|세계 문화와 영어,"출처 : 서울특별시교육청교육연구정보원, 2022 개정 교육과정 선택 과목 안내서, 국제학과",https://www.career.go.kr/cloud/w/major/uView?seq=373,2026-06-02T12:17:12+00:00
10007,국제관계학과,사회계열,2021-07-01,세계시민과 지리|세계사|사회와 문화|제2외국어 과목,동아시아 역사 기행|정치|법과 사회|경제|국제 관계의 이해,기후변화와 지속가능한 세계|세계 문화와 영어,"출처 : 서울특별시교육청교육연구정보원, 2022 개정 교육과정 선택 과목 안내서, 국제학과",https://www.career.go.kr/cloud/w/major/uView?seq=10007,2026-06-02T12:17:12+00:00
334,아동학과,사회계열,2021-07-01,현대사회와 윤리|사회와 문화|기술|가정,정치|법과 사회|생활과학 탐구,사회문제 탐구|윤리문제 탐구|생애 설계와 자립,"출처 : 서울특별시교육청교육연구정보원, 2022 개정 교육과정 선택 과목 안내서, 아동학과",https://www.career.go.kr/cloud/w/major/uView?seq=334,2026-06-02T12:17:12+00:00
103,노인복지학과,사회계열,2021-07-01,현대사회와 윤리|사회와 문화,윤리와 사상|정치|법과 사회|경제|한국지리탐구|도시의 미래 탐구|국제 관계의 이해|생활과학 탐구|인간과 심리,사회문제 탐구|윤리문제 탐구,"출처 : 서울특별시교육청교육연구정보원, 2022 개정 교육과정 선택 과목 안내서, 사회복지학과",https://www.career.go.kr/cloud/w/major/uView?seq=103,2026-06-02T12:17:13+00:00
203,법학과,사회계열,2021-07-01,화법과 언어|독서와 작문|문학|확률과 통계|영어 I|영어프|영어 독해와 작문|세계시민과 지리|사회와 문화|현대사회와 윤리|정보|제2외국어 과목|한문,주제 탐구 독서|영어 발표와 토론|정치|법과 사회|경제|윤리와 사상|국제 관계의 이해,독서 토론과 글쓰기|매체 의사소통|실용 통계|수학과제 탐구|사회문제 탐구|기후변화와 지속가능한 세계,"출처 : 서울특별시교육청교육연구정보원, 2022 개정 교육과정 선택 과목 안내서, 법학과",https://www.career.go.kr/cloud/w/major/uView?seq=203,2026-06-02T12:17:13+00:00
75,국제법무학과,사회계열,2021-07-01,화법과 언어|독서와 작문|문학|확률과 통계|영어 I|영어프|영어 독해와 작문|세계시민과 지리|사회와 문화|현대사회와 윤리|정보|제2외국어 과목|한문,주제 탐구 독서|영어 발표와 토론|정치|법과 사회|경제|윤리와 사상|국제 관계의 이해,독서 토론과 글쓰기|매체 의사소통|실용 통계|수학과제 탐구|사회문제 탐구|기후변화와 지속가능한 세계,"출처 : 서울특별시교육청교육연구정보원, 2022 개정 교육과정 선택 과목 안내서, 법학과",https://www.career.go.kr/cloud/w/major/uView?seq=75,2026-06-02T12:17:14+00:00
10141,교양경상학부,사회계열,2021-07-01,화법과 언어|독서와 작문|문학|대수|미적분I|확률과 통계|영어I|영어II|영어 독해와 작문|세계시민과 지리|세계사|사회와 문화|정보|제2외국어 과목,미적분II|기하|경제 수학|영어 발표와 토론|법과 사회|경제|윤리와 사상|국제 관계의 이해|인공지능 기초|데이터 과학,실용 통계|수학과제 탐구|실생활 영어 회화|세계 문화와 영어|사회문제 탐구|금융과 경제생활|제2외국어 문화 과목,"출처 : 서울특별시교육청교육연구정보원, 2022 개정 교육과정 선택 과목 안내서, 경영학과",https://www.career.go.kr/cloud/w/major/uView?seq=10141,2026-06-02T12:17:14+00:00
394,유통학과,사회계열,2021-07-01,화법과 언어|독서와 작문|문학|대수|미적분I|확률과 통계|영어I|영어II|영어 독해와 작문|세계시민과 지리|세계사|사회와 문화|정보|제2외국어 과목,미적분II|기하|경제 수학|영어 발표와 토론|법과 사회|경제|윤리와 사상|국제 관계의 이해|인공지능 기초|데이터 과학,실용 통계|수학과제 탐구|실생활 영어 회화|세계 문화와 영어|사회문제 탐구|금융과 경제생활|제2외국어 문화 과목,"출처 : 서울특별시교육청교육연구정보원, 2022 개정 교육과정 선택 과목 안내서, 무역·유통학과",https://www.career.go.kr/cloud/w/major/uView?seq=394,2026-06-02T12:17:14+00:00
21009,물류학과,사회계열,2021-07-01,화법과 언어|독서와 작문|문학|대수|미적분I|확률과 통계|영어I|영어II|영어 독해와 작문|세계시민과 지리|세계사|사회와 문화|정보|제2외국어 과목,미적분II|기하|경제 수학|영어 발표와 토론|법과 사회|경제|윤리와 사상|국제 관계의 이해|인공지능 기초|데이터 과학,실용 통계|수학과제 탐구|실생활 영어 회화|세계 문화와 영어|사회문제 탐구|금융과 경제생활|제2외국어 문화 과목,"출처 : 서울특별시교육청교육연구정보원, 2022 개정 교육과정 선택 과목 안내서, 무역·유통학과",https://www.career.go.kr/cloud/w/major/uView?seq=21009,2026-06-02T12:17:15+00:00
72,무역학과,사회계열,2021-07-01,화법과 언어|독서와 작문|문학|대수|미적분I|확률과 통계|영어I|영어II|영어 독해와 작문|세계시민과 지리|세계사|사회와 문화|정보|제2외국어 과목,미적분II|기하|경제 수학|영어 발표와 토론|법과 사회|경제|윤리와 사상|국제 관계의 이해|인공지능 기초|데이터 과학,실용 통계|수학과제 탐구|실생활 영어 회화|세계 문화와 영어|사회문제 탐구|금융과 경제생활|제2외국어 문화 과목,"출처 : 서울특별시교육청교육연구정보원, 2022 개정 교육과정 선택 과목 안내서, 무역·유통학과",https://www.career.go.kr/cloud/w/major/uView?seq=72,2026-06-02T12:17:15+00:00
662,회계학과,사회계열,2021-07-01,화법과 언어|독서와 작문|문학|대수|미적분I|확률과 통계|영어I|영어II|영어 독해와 작문|세계시민과 지리|세계사|사회와 문화|정보|제2외국어 과목,미적분II|기하|경제 수학|영어 발표와 토론|법과 사회|경제|윤리와 사상|국제 관계의 이해|인공지능 기초|데이터 과학,실용 통계|수학과제 탐구|실생활 영어 회화|세계 문화와 영어|사회문제 탐구|금융과 경제생활|제2외국어 문화 과목,"출처 : 서울특별시교육청교육연구정보원, 2022 개정 교육과정 선택 과목 안내서, 세무·회계학과",https://www.career.go.kr/cloud/w/major/uView?seq=662,2026-06-02T12:17:16+00:00
286,세무학과,사회계열,2021-07-01,화법과 언어|독서와 작문|문학|대수|미적분I|확률과 통계|영어I|영어II|영어 독해와 작문|세계시민과 지리|세계사|사회와 문화|정보|제2외국어 과목,미적분II|기하|경제 수학|영어 발표와 토론|법과 사회|경제|윤리와 사상|국제 관계의 이해|인공지능 기초|데이터 과학,실용 통계|수학과제 탐구|실생활 영어 회화|세계 문화와 영어|사회문제 탐구|금융과 경제생활|제2외국어 문화 과목,"출처 : 서울특별시교육청교육연구정보원, 2022 개정 교육과정 선택 과목 안내서, 세무·회계학과",https://www.career.go.kr/cloud/w/major/uView?seq=286,2026-06-02T12:17:16+00:00
83,금융보험학과,사회계열,2021-06-30,화법과 언어|독서와 작문|문학|대수|미적분I|확률과 통계|영어I|영어II|영어 독해와 작문|세계시민과 지리|세계사|사회와 문화|정보|제2외국어 과목,미적분II|기하|경제 수학|영어 발표와 토론|법과 사회|경제|윤리와 사상|국제 관계의 이해|인공지능 기초|데이터 과학,실용 통계|수학과제 탐구|실생활 영어 회화|세계 문화와 영어|사회문제 탐구|금융과 경제생활|제2외국어 문화 과목,"출처 : 서울특별시교육청교육연구정보원, 2022 개정 교육과정 선택 과목 안내서, 금융보험학과",https://www.career.go.kr/cloud/w/major/uView?seq=83,2026-06-02T12:17:16+00:00
666,e-비즈니스학과,사회계열,2021-06-30,화법과 언어|독서와 작문|문학|대수|미적분I|확률과 통계|영어I|영어II|영어 독해와 작문|세계시민과 지리|세계사|사회와 문화|정보|제2외국어 과목,미적분II|기하|경제 수학|영어 발표와 토론|법과 사회|경제|윤리와 사상|국제 관계의 이해|인공지능 기초|데이터 과학,실용 통계|수학과제 탐구|실생활 영어 회화|세계 문화와 영어|사회문제 탐구|금융과 경제생활|제2외국어 문화 과목,"출처 : 서울특별시교육청교육연구정보원, 2022 개정 교육과정 선택 과목 안내서, 경영학과",https://www.career.go.kr/cloud/w/major/uView?seq=666,2026-06-02T12:17:17+00:00
344,언론홍보학과,사회계열,2021-06-30,화법과 언어|독서와 작문|사회와 문화,주제 탐구 독서|정치|법과 사회|논리와 사고|인문학과 윤리|윤리와 사상,역사로 탐구하는 현대 세계|사회문제 탐구|논술,"출처 : 서울특별시교육청교육연구정보원, 2022 개정 교육과정 선택 과목 안내서, 언론정보학과",https://www.career.go.kr/cloud/w/major/uView?seq=344,2026-06-02T12:17:17+00:00
54,광고홍보학과,사회계열,2021-06-30,화법과 언어|독서와 작문|확률과 통계|사회와 문화|세계시민과 지리|세계사|현대사회와 윤리,문학과 영상|직무 영어|경제|동아시아 역사 기행|법과 사회|인간과 심리,메체 의사소통|사회문제 탐구|여행지리|윤리문제 탐구,"출처 : 서울특별시교육청교육연구정보원, 2022 개정 교육과정 선택 과목 안내서, 광고홍보학과",https://www.career.go.kr/cloud/w/major/uView?seq=54,2026-06-02T12:17:18+00:00
46,관광경영학과,사회계열,2021-06-30,화법과 언어|독서와 작문|문학|대수|미적분I|확률과 통계|영어I|영어II|영어 독해와 작문|세계시민과 지리|세계사|사회와 문화|정보|제2외국어 과목,경제 수학|영어 발표와 토론|법과 사회|경제|윤리와 사상|국제 관계의 이해|인공지능 기초|데이터 과학,실용 통계|수학과제 탐구|실생활 영어 회화|세계 문화와 영어|사회문제 탐구|금융과 경제생활|제2외국어 문화 과목,"출처 : 서울특별시교육청교육연구정보원, 2022 개정 교육과정 선택 과목 안내서, 호텔·관광경영학과",https://www.career.go.kr/cloud/w/major/uView?seq=46,2026-06-02T12:17:18+00:00
10157,호텔경영학과,사회계열,2021-06-30,화법과 언어|독서와 작문|문학|대수|미적분I|확률과 통계|영어I|영어II|영어 독해와 작문|세계시민과 지리|세계사|사회와 문화|정보|제2외국어 과목,경제 수학|영어 발표와 토론|법과 사회|경제|윤리와 사상|국제 관계의 이해|인공지능 기초|데이터 과학,실용 통계|수학과제 탐구|실생활 영어 회화|세계 문화와 영어|사회문제 탐구|금융과 경제생활|제2외국어 문화 과목,"출처 : 서울특별시교육청교육연구정보원, 2022 개정 교육과정 선택 과목 안내서, 호텔·관광경영학과",https://www.career.go.kr/cloud/w/major/uView?seq=10157,2026-06-02T12:17:19+00:00
247,산업경영학과,사회계열,2021-06-30,화법과 언어|독서와 작문|문학|대수|미적분I|확률과 통계|영어I|영어II|영어 독해와 작문|세계시민과 지리|세계사|사회와 문화|정보|제2외국어 과목,미적분II|기하|경제 수학|영어 발표와 토론|법과 사회|경제|윤리와 사상|국제 관계의 이해|인공지능 기초|데이터 과학,실용 통계|수학과제 탐구|실생활 영어 회화|세계 문화와 영어|사회문제 탐구|금융과 경제생활|제2외국어 문화 과목,"출처 : 서울특별시교육청교육연구정보원, 2022 개정 교육과정 선택 과목 안내서, 경영학과",https://www.career.go.kr/cloud/w/major/uView?seq=247,2026-06-02T12:17:19+00:00
304,스포츠마케팅학과,사회계열,2021-06-30,화법과 언어|독서와 작문|확률과 통계|사회와 문화|세계시민과 지리|세계사|현대사회와 윤리,문학과 영상|직무 영어|경제|동아시아 역사 기행|법과 사회|인간과 심리,메체 의사소통|사회문제 탐구|여행지리|윤리문제 탐구,"출처 : 서울특별시교육청교육연구정보원, 2022 개정 교육과정 선택 과목 안내서, 광고홍보학과",https://www.career.go.kr/cloud/w/major/uView?seq=304,2026-06-02T12:17:19+00:00
221,부동산학과,사회계열,2021-06-30,화법과 언어|독서와 작문|문학|대수|미적분I|확률과 통계|영어I|영어II|영어 독해와 작문|세계시민과 지리|세계사|사회와 문화|정보|제2외국어 과목,미적분II|기하|경제 수학|영어 발표와 토론|법과 사회|경제|윤리와 사상|국제 관계의 이해|인공지능 기초|데이터 과학,실용 통계|수학과제 탐구|실생활 영어 회화|세계 문화와 영어|사회문제 탐구|금융과 경제생활|제2외국어 문화 과목,"출처 : 서울특별시교육청교육연구정보원, 2022 개정 교육과정 선택 과목 안내서, 경영학과",https://www.career.go.kr/cloud/w/major/uView?seq=221,2026-06-02T12:17:20+00:00
208,벤처창업학과,사회계열,2021-06-30,화법과 언어|독서와 작문|문학|대수|미적분I|확률과 통계|영어I|영어II|영어 독해와 작문|세계시민과 지리|세계사|사회와 문화|정보|제2외국어 과목,미적분II|기하|경제 수학|영어 발표와 토론|법과 사회|경제|윤리와 사상|국제 관계의 이해|인공지능 기초|데이터 과학,실용 통계|수학과제 탐구|실생활 영어 회화|세계 문화와 영어|사회문제 탐구|금융과 경제생활|제2외국어 문화 과목,"출처 : 서울특별시교육청교육연구정보원, 2022 개정 교육과정 선택 과목 안내서, 경영학과",https://www.career.go.kr/cloud/w/major/uView?seq=208,2026-06-02T12:17:20+00:00
10139,경영정보학과,사회계열,2021-06-30,화법과 언어|독서와 작문|문학|대수|미적분I|확률과 통계|영어I|영어II|영어 독해와 작문|세계시민과 지리|세계사|사회와 문화|정보|제2외국어 과목,미적분II|기하|경제 수학|영어 발표와 토론|법과 사회|경제|윤리와 사상|국제 관계의 이해|인공지능 기초|데이터 과학,실용 통계|수학과제 탐구|실생활 영어 회화|세계 문화와 영어|사회문제 탐구|금융과 경제생활|제2외국어 문화 과목,"출처 : 서울특별시교육청교육연구정보원, 2022 개정 교육과정 선택 과목 안내서, 경영학과",https://www.career.go.kr/cloud/w/major/uView?seq=10139,2026-06-02T12:17:21+00:00
107,농업경제학과,사회계열,2021-06-30,화법과 언어|독서와 작문|문학|대수|미적분I|확률과 통계|영어I|영어II|영어 독해와 작문|세계시민과 지리|세계사|사회와 문화|정보|제2외국어 과목,미적분II|기하|경제 수학|영어 발표와 토론|법과 사회|경제|윤리와 사상|국제 관계의 이해|인공지능 기초|데이터 과학,실용 통계|수학과제 탐구|실생활 영어 회화|세계 문화와 영어|사회문제 탐구|금융과 경제생활|제2외국어 문화 과목,"출처 : 서울특별시교육청교육연구정보원, 2022 개정 교육과정 선택 과목 안내서, 경제학과",https://www.career.go.kr/cloud/w/major/uView?seq=107,2026-06-02T12:17:21+00:00
25,경제학과,사회계열,2021-06-30,화법과 언어|독서와 작문|문학|대수|미적분I|확률과 통계|영어I|영어II|영어 독해와 작문|세계시민과 지리|세계사|사회와 문화|정보|제2외국어 과목,미적분II|기하|경제 수학|영어 발표와 토론|법과 사회|경제|윤리와 사상|국제 관계의 이해|인공지능 기초|데이터 과학,실용 통계|수학과제 탐구|실생활 영어 회화|세계 문화와 영어|사회문제 탐구|금융과 경제생활|제2외국어 문화 과목,"출처 : 서울특별시교육청교육연구정보원, 2022 개정 교육과정 선택 과목 안내서, 경제학과",https://www.career.go.kr/cloud/w/major/uView?seq=25,2026-06-02T12:17:21+00:00
361,영상콘텐츠과,예체능계열,2021-06-23,독서와 작문|정보,문학과 영상|인공지능 기초|데이터 과학,매체 의사소통|소프트웨어와 생활,"출처 : 서울특별시교육청교육연구정보원, 2022 개정 교육과정 선택 과목 안내서, 영상학과",https://www.career.go.kr/cloud/w/major/uView?seq=361,2026-06-02T12:17:22+00:00
362,영상제작과,예체능계열,2021-06-23,독서와 작문|정보,문학과 영상|인공지능 기초|데이터 과학,매체 의사소통|소프트웨어와 생활,"출처 : 서울특별시교육청교육연구정보원, 2022 개정 교육과정 선택 과목 안내서, 영상학과",https://www.career.go.kr/cloud/w/major/uView?seq=362,2026-06-02T12:17:22+00:00
10008,만화창작과,예체능계열,2021-06-23,독서와 작문|문학,주체 탐구 독서|문학과 영상|문예 창작의 이해|문장론|문학 감상과 비평|시 창작|소설 창작|극 창작,독서 토론과 글쓰기|문학과 매체,"출처 : 서울특별시교육청교육연구정보원, 2022 개정 교육과정 선택 과목 안내서, 문예창작학과",https://www.career.go.kr/cloud/w/major/uView?seq=10008,2026-06-02T12:17:23+00:00
566,커뮤니케이션디자인학과,예체능계열,2021-06-22,독서와 작문|문학|대수|확률과 통계|영어Ⅰ|영어Ⅱ|영어 독해오작문|미술|정보,주제 탐구 독서|문학과 영상|미술 창작|미술 감상과 비평|인간과 심리,매체 의사소통|미디어 영어|세계 문화와 영어|여행지리|사회문제 탐구|미술과 매체,"출처 : 서울특별시교육청교육연구정보원, 2022 개정 교육과정 선택 과목 안내서, 디자인과",https://www.career.go.kr/cloud/w/major/uView?seq=566,2026-06-02T12:17:23+00:00
360,미디어영상학과,예체능계열,2021-06-22,독서와 작문|정보,문학과 영상|인공지능 기초|데이터 과학,매체 의사소통|소프트웨어와 생활,"출처 : 서울특별시교육청교육연구정보원, 2022 개정 교육과정 선택 과목 안내서, 영상학과",https://www.career.go.kr/cloud/w/major/uView?seq=360,2026-06-02T12:17:23+00:00
172,물류시스템공학과,공학계열,2021-06-22,대수|확률과 통계|미적분 Ⅰ|인공지능 수학|세계시민과 지리|사회와 문화|정보,기하|미적분Ⅱ|도시의 미래 탐구|경제|로봇과 공학세계|인공지능 기초|데이터 과학,실용 통계|사회문제 탐구|금융과 경제생활|윤리문제 탐구|창의공학 설계|소프트웨어와 생활,"출처 : 서울특별시교육청교육연구정보원, 2022 개정 교육과정 선택 과목 안내서, 산업공학과",https://www.career.go.kr/cloud/w/major/uView?seq=172,2026-06-02T12:17:24+00:00
23,경영학과,사회계열,2021-06-22,화법과 언어|독서와 작문|문학|대수|미적분I|확률과 통계|영어I|영어II|영어 독해와 작문|세계시민과 지리|세계사|사회와 문화|정보|제2외국어 과목,미적분II|기하|경제 수학|영어 발표와 토론|법과 사회|경제|윤리와 사상|국제 관계의 이해|인공지능 기초|데이터 과학,실용 통계|수학과제 탐구|실생활 영어 회화|세계 문화와 영어|사회문제 탐구|금융과 경제생활|제2외국어 문화 과목,"출처 : 서울특별시교육청교육연구정보원, 2022 개정 교육과정 선택 과목 안내서, 경영학과",https://www.career.go.kr/cloud/w/major/uView?seq=23,2026-06-02T12:17:25+00:00
10150,디지털디자인학과,예체능계열,2021-06-22,독서와 작문|문학|대수|확률과 통계|영어Ⅰ|영어Ⅱ|영어 독해오작문|미술|정보,주제 탐구 독서|문학과 영상|미술 창작|미술 감상과 비평|인간과 심리,매체 의사소통|미디어 영어|세계 문화와 영어|여행지리|사회문제 탐구|미술과 매체,"출처 : 서울특별시교육청교육연구정보원, 2022 개정 교육과정 선택 과목 안내서, 디자인과",https://www.career.go.kr/cloud/w/major/uView?seq=10150,2026-06-02T12:17:25+00:00
629,항해학과,공학계열,2021-06-22,대수|미적분 Ⅰ|확률과 통계|물리학|화학|생명과학|지구과학|정보,기하|미적분Ⅱ|역학과 에너지|전자기와 양자|물질과 에너지|화학 반응의 세계|세포와 물질대사|지구시스템과학|데이터 과학,융합과학 탐구,"출처 : 서울특별시교육청교육연구정보원, 2022 개정 교육과정 선택 과목 안내서, 해양공학과",https://www.career.go.kr/cloud/w/major/uView?seq=629,2026-06-02T12:17:25+00:00
631,해양공학과,공학계열,2021-06-22,대수|미적분 Ⅰ|확률과 통계|물리학|화학|생명과학|지구과학|정보,기하|미적분Ⅱ|역학과 에너지|전자기와 양자|물질과 에너지|화학 반응의 세계|세포와 물질대사|지구시스템과학|데이터 과학,융합과학 탐구,"출처 : 서울특별시교육청교육연구정보원, 2022 개정 교육과정 선택 과목 안내서, 해양공학과",https://www.career.go.kr/cloud/w/major/uView?seq=631,2026-06-02T12:17:26+00:00
10149,디자인학과,예체능계열,2021-06-22,독서와 작문|문학|대수|확률과 통계|영어Ⅰ|영어Ⅱ|영어 독해오작문|미술|정보,주제 탐구 독서|문학과 영상|미술 창작|미술 감상과 비평|인간과 심리,매체 의사소통|미디어 영어|세계 문화와 영어|여행지리|사회문제 탐구|미술과 매체,"출처 : 서울특별시교육청교육연구정보원, 2022 개정 교육과정 선택 과목 안내서, 디자인과",https://www.career.go.kr/cloud/w/major/uView?seq=10149,2026-06-02T12:17:26+00:00
634,해양시스템학과,공학계열,2021-06-22,대수|미적분 Ⅰ|확률과 통계|물리학|화학|생명과학|지구과학|정보,기하|미적분Ⅱ|역학과 에너지|전자기와 양자|물질과 에너지|화학 반응의 세계|세포와 물질대사|지구시스템과학|데이터 과학,융합과학 탐구,"출처 : 서울특별시교육청교육연구정보원, 2022 개정 교육과정 선택 과목 안내서, 해양공학과",https://www.career.go.kr/cloud/w/major/uView?seq=634,2026-06-02T12:17:27+00:00
10006,가정교육과,교육계열,2020-12-02,화법과 언어|독서와 작문|문학|대수|미적분Ⅰ|확률과 통계|영어Ⅰ|영어Ⅱ|영어 독해와 작문|세계시민과 지리|세계사|사회와 문화|현대사회와 윤리|제2외국어 과목,주제 탐구 독서|영어 발표와 토론|동아시아 역사 기행|정치|법과사회|윤리와 사상|교육의 이해,독서 토론과 글쓰기|미디어 영어|역사로 탐구하는 현대 세계|사회문제 탐구,"출처 : 서울특별시교육청교육연구정보원, 2022 개정 교육과정 선택 과목 안내서, 교육학과",https://www.career.go.kr/cloud/w/major/uView?seq=10006,2026-06-02T12:17:27+00:00
8,가족복지과,사회계열,2020-12-02,현대사회와 윤리|사회와 문화,윤리와 사상|정치|법과 사회|경제|한국지리탐구|도시의 미래 탐구|국제 관계의 이해|생활과학 탐구|인간과 심리,사회문제 탐구|윤리문제 탐구,"출처 : 서울특별시교육청교육연구정보원, 2022 개정 교육과정 선택 과목 안내서, 사회복지학과",https://www.career.go.kr/cloud/w/major/uView?seq=8,2026-06-02T12:17:27+00:00
9,간호과,의약계열,2020-12-02,화학|생명과학|사회와 문화|현대사회와 윤리,윤리와 사상|인문학과 윤리|물질과 에너지|화학 반응의 세계|세포와 물질대사|생물의 유전|인공지능기초|데이터 과학|보건,융합과학 탐구|생명과학 실험,"출처 : 서울특별시교육청교육연구정보원, 2022 개정 교육과정 선택 과목 안내서, 간호학과",https://www.career.go.kr/cloud/w/major/uView?seq=9,2026-06-02T12:17:28+00:00
12,건강관리과,예체능계열,2020-12-02,독서와 작문|문학|대수|미적분I|확률과 통계|영어 Ⅰ|영어 독해와 작문|사회와 문화|현대사회와 윤리|물리학|생명과학|화학|정보,경제|역학과 에너지|화학 반응의 세계|세포와 물질대사|생물의 유전|데이터 과학,매체 의사소통|실생활 영어 회화|실용 통계,"출처 : 서울특별시교육청교육연구정보원, 2022 개정 교육과정 선택 과목 안내서, 스포츠과학과",https://www.career.go.kr/cloud/w/major/uView?seq=12,2026-06-02T12:17:28+00:00
11,건강관리학과,예체능계열,2020-12-02,독서와 작문|문학|대수|미적분I|확률과 통계|영어 Ⅰ|영어 독해와 작문|사회와 문화|현대사회와 윤리|물리학|생명과학|화학|정보,경제|역학과 에너지|화학 반응의 세계|세포와 물질대사|생물의 유전|데이터 과학,매체 의사소통|실생활 영어 회화|실용 통계,"출처 : 서울특별시교육청교육연구정보원, 2022 개정 교육과정 선택 과목 안내서, 스포츠과학과",https://www.career.go.kr/cloud/w/major/uView?seq=11,2026-06-02T12:17:29+00:00
21002,건설공학교육과,교육계열,2020-12-02,화법과 언어|독서와 작문|문학|대수|미적분Ⅰ|확률과 통계|영어Ⅰ|영어Ⅱ|영어 독해와 작문|물리학|화학|생명과학|지구과학|기술|가정|정보|생태와 환경,주제 탐구 독서|기하|미적분Ⅱ|역학과 에너지|전자기와 양자|물질과 에너지|화학 반응의 세계|세포와 물질대사|생물의 유전|지구시스템과학,기후변화와 환경생태|융합과학 탐구,"출처 : 서울특별시교육청교육연구정보원, 2022 개정 교육과정 선택 과목 안내서, 과학교과교육과",https://www.career.go.kr/cloud/w/major/uView?seq=21002,2026-06-02T12:17:29+00:00
16,건설정보과,공학계열,2020-12-02,대수|확률과 통계|미적분 Ⅰ|인공지능 수학|영어 Ⅰ|영어Ⅱ|영어독해와 작문|물리학|정보,기하|미적분Ⅱ|인공지능 수학|전자기와 양자|역학과 에너지|로봇과 공학세계|인공지능 기초|데이터 과학,실용 통계|융합과학 탐구|사회문제 탐구|창의 공학 설계|소프트웨어와 생활,"출처 : 서울특별시교육청교육연구정보원, 2022 개정 교육과정 선택 과목 안내서, 정보통신공학과",https://www.career.go.kr/cloud/w/major/uView?seq=16,2026-06-02T12:17:30+00:00
17,건축공학과,공학계열,2020-12-02,대수|미적분Ⅰ|확률과 통계|물리학|화학|지구과학|정보,기하|미적분Ⅱ|도시의 미래 탐구|역학과 에너지|물질과 에너지|화학 반응의 세계|지구시스템과학|한국지리탐구,융합과학 탐구|과학의 역사와 문화|기후변화와 환경생태|창의공학 설계|기후변화와 지속가능한 세계,"출처 : 서울특별시교육청교육연구정보원, 2022 개정 교육과정 선택 과목 안내서, 건축공학과",https://www.career.go.kr/cloud/w/major/uView?seq=17,2026-06-02T12:17:30+00:00
18,건축과,공학계열,2020-12-02,대수|미적분 Ⅰ|확률과 통계|물리학|화학|세계시민과 지리|사회와 문화|세계사,기하|미적분Ⅱ|도시의 미래 탐구|역학과 에너지|물질과 에너지|화학 반응의 세계|지구시스템과학|한국지리탐구,융합 과학 탐구|과학의 역사와 문화|기후변화와 환경생태|창의공학 설계|기후변화와 지속가능한 세계,"출처 : 서울특별시교육청교육연구정보원, 2022 개정 교육과정 선택 과목 안내서, 건축학과",https://www.career.go.kr/cloud/w/major/uView?seq=18,2026-06-02T12:17:31+00:00
21003,건축설비과,공학계열,2020-12-02,대수|미적분Ⅰ|확률과 통계|물리학|화학|지구과학|정보,기하|미적분Ⅱ|도시의 미래 탐구|역학과 에너지|물질과 에너지|화학 반응의 세계|지구시스템과학|한국지리탐구,융합과학 탐구|과학의 역사와 문화|기후변화와 환경생태|창의공학 설계|기후변화와 지속가능한 세계,"출처 : 서울특별시교육청교육연구정보원, 2022 개정 교육과정 선택 과목 안내서, 건축공학과",https://www.career.go.kr/cloud/w/major/uView?seq=21003,2026-06-02T12:17:31+00:00
24,경영회계정보과,사회계열,2020-12-02,화법과 언어|독서와 작문|문학|대수|미적분I|확률과 통계|영어I|영어II|영어 독해와 작문|세계시민과 지리|세계사|사회와 문화|정보|제2외국어 과목,미적분II|기하|경제 수학|영어 발표와 토론|법과 사회|경제|윤리와 사상|국제 관계의 이해|인공지능 기초|데이터 과학,실용 통계|수학과제 탐구|실생활 영어 회화|세계 문화와 영어|사회문제 탐구|금융과 경제생활|제2외국어 문화 과목,"출처 : 서울특별시교육청교육연구정보원, 2022 개정 교육과정 선택 과목 안내서, 세무·회계학과",https://www.career.go.kr/cloud/w/major/uView?seq=24,2026-06-02T12:17:31+00:00
26,경찰행정과,사회계열,2020-12-02,화법과 언어|독서와 작문|문학|확률과 통계|영어 I|영어프|영어독해와 작문|세계시민과 지리|사회와 문화|현대사회와 윤리|정보|제2외국어 과목|한문,주제 탐구 독서|영어 발표와 토론|정치|법과 사회|경제|윤리와 사상|국제 관계의 이해,독서 토론과 글쓰기|매체 의사소통|실용 통계|수학과제 탐구|사회문제 탐구,"출처 : 서울특별시교육청교육연구정보원, 2022 개정 교육과정 선택 과목 안내서, 행정학과",https://www.career.go.kr/cloud/w/major/uView?seq=26,2026-06-02T12:17:32+00:00
28,경호스포츠과,예체능계열,2020-12-02,독서와 작문|문학|대수|미적분I|확률과 통계|영어 Ⅰ|영어 독해와 작문|사회와 문화|현대사회와 윤리|물리학|생명과학|정보,경제|역학과 에너지|화학 반응의 세계|세포와 물질대사|생물의 유전|데이터 과학,매체 의사소통|실생활 영어 회화|실용 통계,"출처 : 서울특별시교육청교육연구정보원, 2022 개정 교육과정 선택 과목 안내서, 체육학과",https://www.career.go.kr/cloud/w/major/uView?seq=28,2026-06-02T12:17:32+00:00
29,고고학과,인문계열,2020-12-02,세계시민과 지리|세계사|사회와 문화|한문,한국지리 탐구|동아시아 역사 기행|정치|법과 사회|인문학과 윤리|한문 고전 일기|논리와 사고,역사로 탐구하는 현대 세계|사회문제 탐구,"출처 : 서울특별시교육청교육연구정보원, 2022 개정 교육과정 선택 과목 안내서, 고고학과",https://www.career.go.kr/cloud/w/major/uView?seq=29,2026-06-02T12:17:33+00:00
30,고분자공학과,공학계열,2020-12-02,대수|미적분 Ⅰ|확률과 통계|물리학|화학|생명과학|정보,기하|미적분Ⅱ|역학과 에너지|전자기와 양자|물질과 에너지|화학 반응의 세계|세포와 물질대사|로봇과 공학세계,융합과학 탐구,"출처 : 서울특별시교육청교육연구정보원, 2022 개정 교육과정 선택 과목 안내서, 화학공학과",https://www.career.go.kr/cloud/w/major/uView?seq=30,2026-06-02T12:17:33+00:00
21004,공간연출과,예체능계열,2020-12-02,화법과 언어|문학|연극,문학과 영상|연극과 몸|연극과 말|연기|무대 미술과 기술|연극제작 실습|연극 감상과 비평,매체 의사소통|연극과 삶|음악과 미디어|미술과 매체,"출처 : 서울특별시교육청교육연구정보원, 2022 개정 교육과정 선택 과목 안내서, 연극영화학과",https://www.career.go.kr/cloud/w/major/uView?seq=21004,2026-06-02T12:17:33+00:00
34,공업디자인학과,예체능계열,2020-12-02,독서와 작문|문학|대수|확률과 통계|영어Ⅰ|영어Ⅱ|영어 독해오작문|미술|정보,주제 탐구 독서|문학과 영상|미술 창작|미술 감상과 비평|인간과 심리,매체 의사소통|미디어 영어|세계 문화와 영어|여행지리|사회문제 탐구|미술과 매체,"출처 : 서울특별시교육청교육연구정보원, 2022 개정 교육과정 선택 과목 안내서, 디자인과",https://www.career.go.kr/cloud/w/major/uView?seq=34,2026-06-02T12:17:34+00:00
35,공업화학과,공학계열,2020-12-02,대수|미적분 Ⅰ|확률과 통계|물리학|화학|생명과학|정보,기하|미적분Ⅱ|역학과 에너지|전자기와 양자|물질과 에너지|화학 반응의 세계|세포와 물질대사|로봇과 공학세계,융합과학 탐구,"출처 : 서울특별시교육청교육연구정보원, 2022 개정 교육과정 선택 과목 안내서, 화학공학과",https://www.career.go.kr/cloud/w/major/uView?seq=35,2026-06-02T12:17:34+00:00
37,공연예술과,예체능계열,2020-12-02,화법과 언어|문학|연극,문학과 영상|연극과 몸|연극과 말|연기|무대 미술과 기술|연극제작 실습|연극 감상과 비평,매체 의사소통|연극과 삶|음악과 미디어|미술과 매체,"출처 : 서울특별시교육청교육연구정보원, 2022 개정 교육과정 선택 과목 안내서, 연극영화학과",https://www.career.go.kr/cloud/w/major/uView?seq=37,2026-06-02T12:17:35+00:00
38,공예과,예체능계열,2020-12-02,화법과 언어|독서와 작문|문학|영어 I|영어Ⅱ|영어 독해와 작문|세계사|미술,주제 탐구 독서|문학과 영상|미술 창작|미술 감상과 비평|인간과 철학|인간과 심리,매체 의사소통|미디어 영어|세계 문화와 영어|여행지리|미술과 매체,"출처 : 서울특별시교육청교육연구정보원, 2022 개정 교육과정 선택 과목 안내서, 공예과(조형학과)",https://www.career.go.kr/cloud/w/major/uView?seq=38,2026-06-02T12:17:35+00:00
39,공예디자인학과,예체능계열,2020-12-02,독서와 작문|문학|대수|확률과 통계|영어Ⅰ|영어Ⅱ|영어 독해오작문|미술|정보,주제 탐구 독서|문학과 영상|미술 창작|미술 감상과 비평|인간과 심리,매체 의사소통|미디어 영어|세계 문화와 영어|여행지리|사회문제 탐구|미술과 매체,"출처 : 서울특별시교육청교육연구정보원, 2022 개정 교육과정 선택 과목 안내서, 디자인과",https://www.career.go.kr/cloud/w/major/uView?seq=39,2026-06-02T12:17:36+00:00
41,공예학과,예체능계열,2020-12-02,화법과 언어|독서와 작문|문학|영어 I|영어Ⅱ|영어 독해와 작문|세계사|미술,주제 탐구 독서|문학과 영상|미술 창작|미술 감상과 비평|인간과 철학|인간과 심리,매체 의사소통|미디어 영어|세계 문화와 영어|여행지리|미술과 매체,"출처 : 서울특별시교육청교육연구정보원, 2022 개정 교육과정 선택 과목 안내서, 공예과(조형학과)",https://www.career.go.kr/cloud/w/major/uView?seq=41,2026-06-02T12:17:36+00:00
44,과학교육과,교육계열,2020-12-02,화법과 언어|독서와 작문|문학|대수|미적분Ⅰ|확률과 통계|영어Ⅰ|영어Ⅱ|영어 독해와 작문|물리학|화학|생명과학|지구과학|기술|가정|정보|생태와 환경,주제 탐구 독서|기하|미적분Ⅱ|역학과 에너지|전자기와 양자|물질과 에너지|화학 반응의 세계|세포와 물질대사|생물의 유전|지구시스템과학,기후변화와 환경생태|융합과학 탐구,"출처 : 서울특별시교육청교육연구정보원, 2022 개정 교육과정 선택 과목 안내서, 과학교과교육과",https://www.career.go.kr/cloud/w/major/uView?seq=44,2026-06-02T12:17:36+00:00
48,관광통역과,인문계열,2020-12-02,영어I|영어II|영어 독해와 작문|제2외국어|한문|세계시민과 지리|세계사|사회와 문화,영어 발표와 토론|심화 영어|심화 영어 독해와 작문|국제 관계의 이해|제2외국어 회화|심화 제2외국어,언어생활 탐구|실생활 영어 회화|세계 문화와 영어|여행지리|제2외국어 문화,"출처 : 서울특별시교육청교육연구정보원, 2022 개정 교육과정 선택 과목 안내서, 통번역학과",https://www.career.go.kr/cloud/w/major/uView?seq=48,2026-06-02T12:17:37+00:00
51,광고디자인과,예체능계열,2020-12-02,독서와 작문|문학|대수|확률과 통계|영어Ⅰ|영어Ⅱ|영어 독해오작문|미술|정보,주제 탐구 독서|문학과 영상|미술 창작|미술 감상과 비평|인간과 심리,매체 의사소통|미디어 영어|세계 문화와 영어|여행지리|사회문제 탐구|미술과 매체,"출처 : 서울특별시교육청교육연구정보원, 2022 개정 교육과정 선택 과목 안내서, 디자인과",https://www.career.go.kr/cloud/w/major/uView?seq=51,2026-06-02T12:17:37+00:00
10140,광고디자인학과,예체능계열,2020-12-02,독서와 작문|문학|대수|확률과 통계|영어Ⅰ|영어Ⅱ|영어 독해오작문|미술|정보,주제 탐구 독서|문학과 영상|미술 창작|미술 감상과 비평|인간과 심리,매체 의사소통|미디어 영어|세계 문화와 영어|여행지리|사회문제 탐구|미술과 매체,"출처 : 서울특별시교육청교육연구정보원, 2022 개정 교육과정 선택 과목 안내서, 디자인과",https://www.career.go.kr/cloud/w/major/uView?seq=10140,2026-06-02T12:17:38+00:00
55,광학공학과,공학계열,2020-12-02,대수|확률과 통계|미적분 Ⅰ|물리학|화학|생명과학|지구과학|정보,기하|미적분Ⅱ|인공지능 수학|역학과 에너지|전자기와 양자|물질과 에너지|화학 반응의 세계|세포와 물질대사|생물의 유전|지구시스템과학|행성우주과학|로봇과 공학세계|생활과학 탐구|인공지능 기초|데이터 과학,실용 통계|수학과제 탐구|융합과학 탐구|사회문제 탐구|창의 공학 설계|소프트웨어와 생활,"출처 : 서울특별시교육청교육연구정보원, 2022 개정 교육과정 선택 과목 안내서, 융합학과",https://www.career.go.kr/cloud/w/major/uView?seq=55,2026-06-02T12:17:38+00:00
10142,교양공학부,공학계열,2020-12-02,대수|확률과 통계|미적분 Ⅰ|인공지능 수학|영어 Ⅰ|영어Ⅱ|영어독해와 작문|물리학|음악|미술|정보,기하|미적분Ⅱ|인공지능 수학|전자기와 양자|역학과 에너지|로봇과 공학세계|인공지능 기초|데이터 과학,실용 통계|미디어 영어|사회문제 탐구|창의 공학 설계|소프트웨어와 생활,"출처 : 서울특별시교육청교육연구정보원, 2022 개정 교육과정 선택 과목 안내서, 멀티미디어학과",https://www.career.go.kr/cloud/w/major/uView?seq=10142,2026-06-02T12:17:39+00:00
56,교양과,인문계열,2020-12-02,독서와 작문|문학|사회와 문화|현대사회와 윤리,주제 탐구 독서|영미 문학 일기|윤리와 사상|인문학과 윤리|법과 사회|인간과 철학|논리와 사고|인간과 심리,매체 의사소통|언어생활 탐구|사회문제 탐구|윤리문제 탐구|지식 재산 일반|논술,"출처 : 서울특별시교육청교육연구정보원, 2022 개정 교육과정 선택 과목 안내서, 철학과",https://www.career.go.kr/cloud/w/major/uView?seq=56,2026-06-02T12:17:39+00:00
10145,교양인문학부,인문계열,2020-12-02,독서와 작문|문학|사회와 문화|현대사회와 윤리,주제 탐구 독서|영미 문학 일기|윤리와 사상|인문학과 윤리|법과 사회|인간과 철학|논리와 사고|인간과 심리,매체 의사소통|언어생활 탐구|사회문제 탐구|윤리문제 탐구|지식 재산 일반|논술,"출처 : 서울특별시교육청교육연구정보원, 2022 개정 교육과정 선택 과목 안내서, 철학과",https://www.career.go.kr/cloud/w/major/uView?seq=10145,2026-06-02T12:17:40+00:00
57,교육공학과,교육계열,2020-12-02,화법과 언어|독서와 작문|문학|대수|미적분Ⅰ|확률과 통계|영어Ⅰ|영어Ⅱ|영어 독해와 작문|세계시민과 지리|세계사|사회와 문화|현대사회와 윤리|제2외국어 과목,주제 탐구 독서|영어 발표와 토론|동아시아 역사 기행|정치|법과사회|윤리와 사상|교육의 이해,독서 토론과 글쓰기|미디어 영어|역사로 탐구하는 현대 세계|사회문제 탐구,"출처 : 서울특별시교육청교육연구정보원, 2022 개정 교육과정 선택 과목 안내서, 교육학과",https://www.career.go.kr/cloud/w/major/uView?seq=57,2026-06-02T12:17:40+00:00
59,교육학과,교육계열,2020-12-02,화법과 언어|독서와 작문|문학|대수|미적분Ⅰ|확률과 통계|영어Ⅰ|영어Ⅱ|영어 독해와 작문|세계시민과 지리|세계사|사회와 문화|현대사회와 윤리|제2외국어 과목,주제 탐구 독서|영어 발표와 토론|동아시아 역사 기행|정치|법과사회|윤리와 사상|교육의 이해,독서 토론과 글쓰기|미디어 영어|역사로 탐구하는 현대 세계|사회문제 탐구,"출처 : 서울특별시교육청교육연구정보원, 2022 개정 교육과정 선택 과목 안내서, 교육학과",https://www.career.go.kr/cloud/w/major/uView?seq=59,2026-06-02T12:17:41+00:00
61,교통공학과,공학계열,2020-12-02,대수|미적분Ⅰ|확률과 통계|물리학|화학|생명과학|지구과학|정보,기하|미적분Ⅱ|도시의 미래 탐구|역학과 에너지|물질과 에너지|화학 반응의 세계|세포와 물질대사|지구시스템과학|데이터 과학,융합과학 탐구|과학의 역사와 문화,"출처 : 서울특별시교육청교육연구정보원, 2022 개정 교육과정 선택 과목 안내서, 교통공학과",https://www.career.go.kr/cloud/w/major/uView?seq=61,2026-06-02T12:17:41+00:00
10147,국방기술과,공학계열,2020-12-02,대수|미적분Ⅰ|확률과 통계|물리학|화학|생명과학|정보|기술|가정,기하|미적분 II|역학과 에너지|전자기와 양자|물질과 에너지|화학 반응의 세계|인공지능 기초|데이터 과학|로봇과 공학세계,창의 공학 설계|소프트웨어와 생활,"출처 : 서울특별시교육청교육연구정보원, 2022 개정 교육과정 선택 과목 안내서, 기계공학과",https://www.career.go.kr/cloud/w/major/uView?seq=10147,2026-06-02T12:17:41+00:00
10038,국방기술학과,공학계열,2020-12-02,대수|미적분Ⅰ|확률과 통계|물리학|화학|생명과학|정보|기술|가정,기하|미적분 II|역학과 에너지|전자기와 양자|물질과 에너지|화학 반응의 세계|인공지능 기초|데이터 과학|로봇과 공학세계,창의 공학 설계|소프트웨어와 생활,"출처 : 서울특별시교육청교육연구정보원, 2022 개정 교육과정 선택 과목 안내서, 기계공학과",https://www.career.go.kr/cloud/w/major/uView?seq=10038,2026-06-02T12:17:42+00:00
67,국악학과,예체능계열,2020-12-02,화법과 언어|독서와 작문|문학|영어Ⅰ|영어Ⅱ|영어 독해와 작문|사회와 문화|음악,주제 탐구 독서|심화 영어|법과 사회|경제|윤리와 사상|음악 연주와 창작|음악 감상과 비평|음악 이론|음악사|시창|청음|음악 전공 실기|합창|합주|음악 공연 실습,매체 의사소통|미디어 영어|세계 문화와 영어|여행지리|음악과 미디어|음악과 문화,"출처 : 서울특별시교육청교육연구정보원, 2022 개정 교육과정 선택 과목 안내서, 한국음악과",https://www.career.go.kr/cloud/w/major/uView?seq=67,2026-06-02T12:17:42+00:00
68,국어교육과,교육계열,2020-12-02,화법과 언어|독서와 작문|문학|대수|미적분Ⅰ|확률과 통계|영어Ⅰ|영어Ⅱ|영어 독해와 작문|세계시민과 지리|세계사|사회와 문화|현대사회와 윤리|제2외국어 과목,주제 탐구 독서|영어 발표와 토론|심화 영어|심화 영어 독해와 직문|동아시아 역사 기행|정치|윤리와 사상|제2외국어 회화 과목|심화 제2외국어 과목,독서 토론과 글쓰기|언어생활 탐구|실생활 영어 회화|미디어 영어|세계 문화와 영어|사회문제 탐구|제2외국어 문화 과목,"출처 : 서울특별시교육청교육연구정보원, 2022 개정 교육과정 선택 과목 안내서, 언어교과교육과",https://www.career.go.kr/cloud/w/major/uView?seq=68,2026-06-02T12:17:43+00:00
74,국제문화정보학과,인문계열,2020-12-02,화법과 언어|독서와 작문|확률과 통계|사회와 문화|정보,주제 탐구 독서|인공지능 수학|법과 사회|인문학과 윤리|인공지능 기초|데이터 과학,독서 토론 글쓰기|매체 의사소통|실용 통계|사회문제 탐구|지식 재산 일반,"출처 : 서울특별시교육청교육연구정보원, 2022 개정 교육과정 선택 과목 안내서, 문헌정보학과",https://www.career.go.kr/cloud/w/major/uView?seq=74,2026-06-02T12:17:43+00:00
21005,국제지역학과,인문계열,2020-12-02,세계시민과 지리|세계사|사회와 문화|제2외국어 과목,동아시아 역사 기행|정치|법과 사회|경제|국제 관계의 이해,기후변화와 지속가능한 세계|세계 문화와 영어,"출처 : 서울특별시교육청교육연구정보원, 2022 개정 교육과정 선택 과목 안내서, 국제학과",https://www.career.go.kr/cloud/w/major/uView?seq=21005,2026-06-02T12:17:44+00:00
77,금속공예과,예체능계열,2020-12-02,화법과 언어|독서와 작문|문학|영어 I|영어Ⅱ|영어 독해와 작문|세계사|미술,주제 탐구 독서|문학과 영상|미술 창작|미술 감상과 비평|인간과 철학|인간과 심리,매체 의사소통|미디어 영어|세계 문화와 영어|여행지리|미술과 매체,"출처 : 서울특별시교육청교육연구정보원, 2022 개정 교육과정 선택 과목 안내서, 공예과(조형학과)",https://www.career.go.kr/cloud/w/major/uView?seq=77,2026-06-02T12:17:44+00:00
78,금속공예학과,예체능계열,2020-12-02,화법과 언어|독서와 작문|문학|영어 I|영어Ⅱ|영어 독해와 작문|세계사|미술,주제 탐구 독서|문학과 영상|미술 창작|미술 감상과 비평|인간과 철학|인간과 심리,매체 의사소통|미디어 영어|세계 문화와 영어|여행지리|미술과 매체,"출처 : 서울특별시교육청교육연구정보원, 2022 개정 교육과정 선택 과목 안내서, 공예과(조형학과)",https://www.career.go.kr/cloud/w/major/uView?seq=78,2026-06-02T12:17:45+00:00
79,금속공학과,공학계열,2020-12-02,대수|미적분Ⅰ|확률과 통계|물리학|화학|생명과학|지구과학|정보,기하|미적분Ⅱ|역학과 에너지|전자기와 양자|물질과 에너지|화학 반응의 세계|세포와 물질대사|로봇과 공학세계,융합과학 탐구,"출처 : 서울특별시교육청교육연구정보원, 2022 개정 교육과정 선택 과목 안내서, 재료공학과",https://www.career.go.kr/cloud/w/major/uView?seq=79,2026-06-02T12:17:45+00:00
82,금융경영과,사회계열,2020-12-02,화법과 언어|독서와 작문|문학|대수|미적분I|확률과 통계|영어I|영어II|영어 독해와 작문|세계시민과 지리|세계사|사회와 문화|정보|제2외국어 과목,미적분II|기하|경제 수학|영어 발표와 토론|법과 사회|경제|윤리와 사상|국제 관계의 이해|인공지능 기초|데이터 과학,실용 통계|수학과제 탐구|실생활 영어 회화|세계 문화와 영어|사회문제 탐구|금융과 경제생활|제2외국어 문화 과목,"출처 : 서울특별시교육청교육연구정보원, 2022 개정 교육과정 선택 과목 안내서, 금융보험학과",https://www.career.go.kr/cloud/w/major/uView?seq=82,2026-06-02T12:17:45+00:00
85,금형설계과,공학계열,2020-12-02,대수|미적분Ⅰ|확률과 통계|물리학|화학|생명과학|정보|기술|가정,기하|미적분 II|역학과 에너지|전자기와 양자|물질과 에너지|화학 반응의 세계|인공지능 기초|데이터 과학|로봇과 공학세계,창의 공학 설계|소프트웨어와 생활,"출처 : 서울특별시교육청교육연구정보원, 2022 개정 교육과정 선택 과목 안내서, 기계공학과",https://www.career.go.kr/cloud/w/major/uView?seq=85,2026-06-02T12:17:46+00:00
21006,기계ㆍ재료공학교육과,교육계열,2020-12-02,화법과 언어|독서와 작문|문학|대수|미적분Ⅰ|확률과 통계|영어Ⅰ|영어Ⅱ|영어 독해와 작문|물리학|화학|생명과학|지구과학|기술|가정|정보|생태와 환경,주제 탐구 독서|기하|미적분Ⅱ|역학과 에너지|전자기와 양자|물질과 에너지|화학 반응의 세계|세포와 물질대사|생물의 유전|지구시스템과학,기후변화와 환경생태|융합과학 탐구,"출처 : 서울특별시교육청교육연구정보원, 2022 개정 교육과정 선택 과목 안내서, 과학교과교육과",https://www.career.go.kr/cloud/w/major/uView?seq=21006,2026-06-02T12:17:46+00:00
86,기계공학과,공학계열,2020-12-02,대수|미적분Ⅰ|확률과 통계|물리학|화학|생명과학|정보|기술|가정,기하|미적분 II|역학과 에너지|전자기와 양자|물질과 에너지|화학 반응의 세계|인공지능 기초|데이터 과학|로봇과 공학세계,창의 공학 설계|소프트웨어와 생활,"출처 : 서울특별시교육청교육연구정보원, 2022 개정 교육과정 선택 과목 안내서, 기계공학과",https://www.career.go.kr/cloud/w/major/uView?seq=86,2026-06-02T12:17:47+00:00
87,기계과,공학계열,2020-12-02,대수|미적분Ⅰ|확률과 통계|물리학|화학|생명과학|정보|기술|가정,기하|미적분 II|역학과 에너지|전자기와 양자|물질과 에너지|화학 반응의 세계|인공지능 기초|데이터 과학|로봇과 공학세계,창의 공학 설계|소프트웨어와 생활,"출처 : 서울특별시교육청교육연구정보원, 2022 개정 교육과정 선택 과목 안내서, 기계공학과",https://www.career.go.kr/cloud/w/major/uView?seq=87,2026-06-02T12:17:47+00:00
88,기계설계공학과,공학계열,2020-12-02,대수|미적분Ⅰ|확률과 통계|물리학|화학|생명과학|정보|기술|가정,기하|미적분 II|역학과 에너지|전자기와 양자|물질과 에너지|화학 반응의 세계|인공지능 기초|데이터 과학|로봇과 공학세계,창의 공학 설계|소프트웨어와 생활,"출처 : 서울특별시교육청교육연구정보원, 2022 개정 교육과정 선택 과목 안내서, 기계공학과",https://www.career.go.kr/cloud/w/major/uView?seq=88,2026-06-02T12:17:48+00:00
89,기계설계과,공학계열,2020-12-02,대수|미적분Ⅰ|확률과 통계|물리학|화학|생명과학|정보|기술|가정,기하|미적분 II|역학과 에너지|전자기와 양자|물질과 에너지|화학 반응의 세계|인공지능 기초|데이터 과학|로봇과 공학세계,창의 공학 설계|소프트웨어와 생활,"출처 : 서울특별시교육청교육연구정보원, 2022 개정 교육과정 선택 과목 안내서, 기계공학과",https://www.career.go.kr/cloud/w/major/uView?seq=89,2026-06-02T12:17:48+00:00
93,기독교학과,인문계열,2020-12-02,독서와 작문|세계시민과 지리|세계사|사회와 문화|현대사회와 윤리|정보,주제 탐구 독서|영미 문학 읽기|한국지리 탐구|동아시아 역사 기행|법과 사회|윤리와 사상|인문학과 윤리|미술 감상과 비평|삶과 종교|인간과 심리,세계 문화와 영어|여행지리|역사로 탐구하는 현대 세계|사회문제 탐구|윤리문제 탐구|과학의 역사와 문화|미술과 매체|지식 재산 일반,"출처 : 서울특별시교육청교육연구정보원, 2022 개정 교육과정 선택 과목 안내서, 인류학과",https://www.career.go.kr/cloud/w/major/uView?seq=93,2026-06-02T12:17:48+00:00
32,기술교육과,교육계열,2020-12-02,화법과 언어|독서와 작문|문학|대수|미적분Ⅰ|확률과 통계|영어Ⅰ|영어Ⅱ|영어 독해와 작문|물리학|화학|생명과학|지구과학|기술|가정|정보|생태와 환경,주제 탐구 독서|기하|미적분Ⅱ|역학과 에너지|전자기와 양자|물질과 에너지|화학 반응의 세계|세포와 물질대사|생물의 유전|지구시스템과학,기후변화와 환경생태|융합과학 탐구,"출처 : 서울특별시교육청교육연구정보원, 2022 개정 교육과정 선택 과목 안내서, 과학교과교육과",https://www.career.go.kr/cloud/w/major/uView?seq=32,2026-06-02T12:17:49+00:00
94,기악과,예체능계열,2020-12-02,화법과 언어|독서와 작문|문학|영어Ⅰ|영어Ⅱ|영어 독해와 작문|사회와 문화|음악,주제 탐구 독서|심화 영어|법과 사회|경제|윤리와 사상|음악 연주와 창작|음악 감상과 비평|음악 이론|음악사|시창|청음|음악 전공 실기|합창|합주|음악 공연 실습,매체 의사소통|미디어 영어|세계 문화와 영어|여행지리|음악과 미디어|음악과 문화,"출처 : 서울특별시교육청교육연구정보원, 2022 개정 교육과정 선택 과목 안내서, 피아노과",https://www.career.go.kr/cloud/w/major/uView?seq=94,2026-06-02T12:17:49+00:00
127,기타아시아어학과,인문계열,2020-12-02,화법과 언어|독서와 작문|문학|세계시민과 지리|세계사|사회와 문화|제2외국어|한문,문학과 영상|인문학과 윤리|동아시아 역사 기행|국제 관계의 이해|제2외국어 회화|심화 제2외국어,언어생활 탐구|여행지리|역사로 탐구하는 현대 세계|사회문제 탐구|제2외국어 문화|언어생활과 한자,"출처 : 서울특별시교육청교육연구정보원, 2022 개정 교육과정 선택 과목 안내서, 동양어학과",https://www.career.go.kr/cloud/w/major/uView?seq=127,2026-06-02T12:17:50+00:00
389,기타유럽어학과,인문계열,2020-12-02,화법과 언어|독서와 작문|문학|세계시민과 지리|세계사|사회와 문화|제2외국어,문학과 영상|인문학과 윤리|국제 관계의 이해|제2외국어 회화|심화 제2외국어,언어생활 탐구|여행지리|역사로 탐구하는 현대 세계|사회문제 탐구|제2외국어 문화,"출처 : 서울특별시교육청교육연구정보원, 2022 개정 교육과정 선택 과목 안내서, 서양어학과",https://www.career.go.kr/cloud/w/major/uView?seq=389,2026-06-02T12:17:50+00:00
96,나노공학과,공학계열,2020-12-02,대수|미적분Ⅰ|확률과 통계|물리학|화학|생명과학|정보,기하|미적분Ⅱ|역학과 에너지|전자기와 양자|물질과 에너지|화학 반응의 세계|세포와 물질대사|생물의 유전,융합과학 탐구,"출처 : 서울특별시교육청교육연구정보원, 2022 개정 교육과정 선택 과목 안내서, 신소재공학과",https://www.career.go.kr/cloud/w/major/uView?seq=96,2026-06-02T12:17:50+00:00
10049,냉동공조공학과,공학계열,2020-12-02,대수|확률과 통계|미적분 Ⅰ|인공지능 수학|세계시민과 지리|사회와 문화|정보,기하|미적분Ⅱ|도시의 미래 탐구|경제|로봇과 공학세계|인공지능 기초|데이터 과학,실용 통계|사회문제 탐구|금융과 경제생활|윤리문제 탐구|창의공학 설계|소프트웨어와 생활,"출처 : 서울특별시교육청교육연구정보원, 2022 개정 교육과정 선택 과목 안내서, 산업공학과",https://www.career.go.kr/cloud/w/major/uView?seq=10049,2026-06-02T12:17:51+00:00
102,노인보건복지과,사회계열,2020-12-02,현대사회와 윤리|사회와 문화,윤리와 사상|정치|법과 사회|경제|한국지리탐구|도시의 미래 탐구|국제 관계의 이해|생활과학 탐구|인간과 심리,사회문제 탐구|윤리문제 탐구,"출처 : 서울특별시교육청교육연구정보원, 2022 개정 교육과정 선택 과목 안내서, 사회복지학과",https://www.career.go.kr/cloud/w/major/uView?seq=102,2026-06-02T12:17:51+00:00
104,농공학과,자연계열,2020-12-02,대수|미적분Ⅰ|확률과 통계|물리학|화학|생명과학|정보,미적분Ⅱ|인공지능 수학|한국지리 탐구|물질과 에너지|화학 반응의 세계|세포와 물질대사|생물의 유전|지구시스템과학|생활과학 탐구,실용 통계|기후변화와 환경생태,"출처 : 서울특별시교육청교육연구정보원, 2022 개정 교육과정 선택 과목 안내서, 식물자원학과",https://www.career.go.kr/cloud/w/major/uView?seq=104,2026-06-02T12:17:52+00:00
106,농수산과,자연계열,2020-12-02,대수|미적분Ⅰ|확률과 통계|물리학|화학|생명과학|정보,미적분Ⅱ|인공지능 수학|한국지리 탐구|물질과 에너지|화학 반응의 세계|세포와 물질대사|생물의 유전|지구시스템과학|생활과학 탐구,실용 통계|기후변화와 환경생태,"출처 : 서울특별시교육청교육연구정보원, 2022 개정 교육과정 선택 과목 안내서, 식물자원학과",https://www.career.go.kr/cloud/w/major/uView?seq=106,2026-06-02T12:17:52+00:00
108,농업교육과,교육계열,2020-12-02,화법과 언어|독서와 작문|문학|대수|미적분Ⅰ|확률과 통계|영어Ⅰ|영어Ⅱ|영어 독해와 작문|물리학|화학|생명과학|지구과학|기술|가정|정보|생태와 환경,주제 탐구 독서|기하|미적분Ⅱ|역학과 에너지|전자기와 양자|물질과 에너지|화학 반응의 세계|세포와 물질대사|생물의 유전|지구시스템과학,기후변화와 환경생태|융합과학 탐구,"출처 : 서울특별시교육청교육연구정보원, 2022 개정 교육과정 선택 과목 안내서, 과학교과교육과",https://www.career.go.kr/cloud/w/major/uView?seq=108,2026-06-02T12:17:52+00:00
111,대기과학과,자연계열,2020-12-02,대수|미적분Ⅰ|확률과 통계|물리학|화학|지구과학,기하|미적분Ⅱ|역학과 메너지|전자기와 양자|지구시스템과학|행성우주과학|물질과 에너지|화학 반응의 세계,수학과제 탐구|기후변화와 환경생태|융합과학 탐구,"출처 : 서울특별시교육청교육연구정보원, 2022 개정 교육과정 선택 과목 안내서, 대기학과",https://www.career.go.kr/cloud/w/major/uView?seq=111,2026-06-02T12:17:53+00:00
114,댄스스포츠과,예체능계열,2020-12-02,독서와 작문|문학|대수|미적분I|확률과 통계|영어 I|영어 독해와 작문|사회와 문화|현대사회와 윤리|물리학|생명과학|정보,경제|역학과 메너지|화학 반응의 세계|세포와 물질대사|생물의 유전|데이터 과학,매체 의사소통|실생활 영어 회화|실용 통계,"출처 : 서울특별시교육청교육연구정보원, 2022 개정 교육과정 선택 과목 안내서, 무용학과",https://www.career.go.kr/cloud/w/major/uView?seq=114,2026-06-02T12:17:53+00:00
13,도시건설과,공학계열,2020-12-02,대수|미적분Ⅰ|확률과 통계|물리학|화학|지구과학|정보,기하|미적분Ⅱ|도시의 미래 탐구|역학과 에너지|물질과 에너지|화학 반응의 세계|지구시스템과학|데이터 과학|전자기와 양자,융합과학 탐구|과학의 역사와 문화,"출처 : 서울특별시교육청교육연구정보원, 2022 개정 교육과정 선택 과목 안내서, 도시공학과",https://www.career.go.kr/cloud/w/major/uView?seq=13,2026-06-02T12:17:54+00:00
118,도시공학과,공학계열,2020-12-02,대수|미적분Ⅰ|확률과 통계|물리학|화학|지구과학|정보,기하|미적분Ⅱ|도시의 미래 탐구|역학과 에너지|물질과 에너지|화학 반응의 세계|지구시스템과학|데이터 과학|전자기와 양자,융합과학 탐구|과학의 역사와 문화,"출처 : 서울특별시교육청교육연구정보원, 2022 개정 교육과정 선택 과목 안내서, 도시공학과",https://www.career.go.kr/cloud/w/major/uView?seq=118,2026-06-02T12:17:54+00:00
120,도자기공예과,예체능계열,2020-12-02,화법과 언어|독서와 작문|문학|영어 I|영어Ⅱ|영어 독해와 작문|세계사|미술,주제 탐구 독서|문학과 영상|미술 창작|미술 감상과 비평|인간과 철학|인간과 심리,매체 의사소통|미디어 영어|세계 문화와 영어|여행지리|미술과 매체,"출처 : 서울특별시교육청교육연구정보원, 2022 개정 교육과정 선택 과목 안내서, 공예과(조형학과)",https://www.career.go.kr/cloud/w/major/uView?seq=120,2026-06-02T12:17:55+00:00
121,도자기공예학과,예체능계열,2020-12-02,화법과 언어|독서와 작문|문학|영어 I|영어Ⅱ|영어 독해와 작문|세계사|미술,주제 탐구 독서|문학과 영상|미술 창작|미술 감상과 비평|인간과 철학|인간과 심리,매체 의사소통|미디어 영어|세계 문화와 영어|여행지리|미술과 매체,"출처 : 서울특별시교육청교육연구정보원, 2022 개정 교육과정 선택 과목 안내서, 공예과(조형학과)",https://www.career.go.kr/cloud/w/major/uView?seq=121,2026-06-02T12:17:55+00:00
122,독어독문학과,인문계열,2020-12-02,화법과 언어|독서와 작문|문학|세계시민과 지리|세계사|사회와 문화|제2외국어,문학과 영상|인문학과 윤리|국제 관계의 이해|제2외국어 회화|심화 제2외국어,언어생활 탐구|여행지리|역사로 탐구하는 현대 세계|사회문제 탐구|제2외국어 문화,"출처 : 서울특별시교육청교육연구정보원, 2022 개정 교육과정 선택 과목 안내서, 서양어학과",https://www.career.go.kr/cloud/w/major/uView?seq=122,2026-06-02T12:17:56+00:00
123,독일어교육과,교육계열,2020-12-02,화법과 언어|독서와 작문|문학|대수|미적분Ⅰ|확률과 통계|영어Ⅰ|영어Ⅱ|영어 독해와 작문|세계시민과 지리|세계사|사회와 문화|현대사회와 윤리|제2외국어 과목,주제 탐구 독서|영어 발표와 토론|심화 영어|심화 영어 독해와 직문|동아시아 역사 기행|정치|윤리와 사상|제2외국어 회화 과목|심화 제2외국어 과목,독서 토론과 글쓰기|언어생활 탐구|실생활 영어 회화|미디어 영어|세계 문화와 영어|사회문제 탐구|제2외국어 문화 과목,"출처 : 서울특별시교육청교육연구정보원, 2022 개정 교육과정 선택 과목 안내서, 언어교과교육과",https://www.career.go.kr/cloud/w/major/uView?seq=123,2026-06-02T12:17:57+00:00
124,독일학과,인문계열,2020-12-02,세계시민과 지리|세계사|사회와 문화|제2외국어 과목,동아시아 역사 기행|정치|법과 사회|경제|국제 관계의 이해,기후변화와 지속가능한 세계|세계 문화와 영어,"출처 : 서울특별시교육청교육연구정보원, 2022 개정 교육과정 선택 과목 안내서, 국제학과",https://www.career.go.kr/cloud/w/major/uView?seq=124,2026-06-02T12:17:57+00:00
126,동물자원학과,자연계열,2020-12-02,대수|미적분Ⅰ|확률과 통계|화학|생명과학|지구과학|정보,미적분Ⅱ|인공지능 수학|물질과 에너지|화학 반응의 세계|세포와 물질대사|생물의 유전|생활과학 탐구,실용 통계|기후변화와 환경생태,"출처 : 서울특별시교육청교육연구정보원, 2022 개정 교육과정 선택 과목 안내서, 동물자원학과",https://www.career.go.kr/cloud/w/major/uView?seq=126,2026-06-02T12:17:58+00:00
471,디지털미디어과,사회계열,2020-12-02,문학|독서와 작문|화법과 언어|사회와 문화|정보,정치|법과 사회|경제|윤리와 사상|인간과 심리,소프트웨어와 생활|사회문제 탐구|윤리문제 탐구,"출처 : 서울특별시교육청교육연구정보원, 2022 개정 교육과정 선택 과목 안내서, 정보미디어학과",https://www.career.go.kr/cloud/w/major/uView?seq=471,2026-06-02T12:17:59+00:00
132,러시아어문학과,인문계열,2020-12-02,화법과 언어|독서와 작문|문학|세계시민과 지리|세계사|사회와 문화|제2외국어,문학과 영상|인문학과 윤리|국제 관계의 이해|제2외국어 회화|심화 제2외국어,언어생활 탐구|여행지리|역사로 탐구하는 현대 세계|사회문제 탐구|제2외국어 문화,"출처 : 서울특별시교육청교육연구정보원, 2022 개정 교육과정 선택 과목 안내서, 서양어학과",https://www.career.go.kr/cloud/w/major/uView?seq=132,2026-06-02T12:17:59+00:00
134,러시아학과,인문계열,2020-12-02,세계시민과 지리|세계사|사회와 문화|제2외국어 과목,동아시아 역사 기행|정치|법과 사회|경제|국제 관계의 이해,기후변화와 지속가능한 세계|세계 문화와 영어,"출처 : 서울특별시교육청교육연구정보원, 2022 개정 교육과정 선택 과목 안내서, 국제학과",https://www.career.go.kr/cloud/w/major/uView?seq=134,2026-06-02T12:17:59+00:00
135,레저스포츠과,예체능계열,2020-12-02,독서와 작문|문학|대수|미적분I|확률과 통계|영어 Ⅰ|영어 독해와 작문|사회와 문화|현대사회와 윤리|물리학|생명과학|정보,경제|역학과 에너지|화학 반응의 세계|세포와 물질대사|생물의 유전|데이터 과학,매체 의사소통|실생활 영어 회화|실용 통계,"출처 : 서울특별시교육청교육연구정보원, 2022 개정 교육과정 선택 과목 안내서, 체육학과",https://www.career.go.kr/cloud/w/major/uView?seq=135,2026-06-02T12:18:00+00:00
10020,레저스포츠학과,예체능계열,2020-12-02,독서와 작문|문학|대수|미적분I|확률과 통계|영어 Ⅰ|영어 독해와 작문|사회와 문화|현대사회와 윤리|물리학|생명과학|정보,경제|역학과 에너지|화학 반응의 세계|세포와 물질대사|생물의 유전|데이터 과학,매체 의사소통|실생활 영어 회화|실용 통계,"출처 : 서울특별시교육청교육연구정보원, 2022 개정 교육과정 선택 과목 안내서, 체육학과",https://www.career.go.kr/cloud/w/major/uView?seq=10020,2026-06-02T12:18:00+00:00
10116,로봇공학과,공학계열,2020-12-02,대수|확률과 통계|미적분 Ⅰ|인공지능 수학|세계시민과 지리|사회와 문화|정보,기하|미적분Ⅱ|도시의 미래 탐구|경제|로봇과 공학세계|인공지능 기초|데이터 과학,실용 통계|사회문제 탐구|금융과 경제생활|윤리문제 탐구|창의공학 설계|소프트웨어와 생활,"출처 : 서울특별시교육청교육연구정보원, 2022 개정 교육과정 선택 과목 안내서, 산업공학과",https://www.career.go.kr/cloud/w/major/uView?seq=10116,2026-06-02T12:18:01+00:00
144,만화애니메이션학과,예체능계열,2020-12-02,화법과 언어|문학|독서와 작문|영어 독해와 작문|세계시민과 지리|세계사|사회와 문화|현대사회와 윤리|음악|미술|연극|정보|제2외국어,주제 탐구 독서|문학과 영상|영미 문학 읽기|영어 발표와 토론|동아시아 역사 기행|정치|법과 사회|윤리와 사상|인문학과 윤리|미술 감상과 비평|음악 감상과 비평,독서 토론과 글쓰기|메체 의사소통|미디어 영어|세계 문화와 영어|사회문제 탐구|음악과 미디어|미술과 매체|지식 재산 일반|소프트웨어와 생활,"출처 : 서울특별시교육청교육연구정보원, 2022 개정 교육과정 선택 과목 안내서, 문화콘텐츠학과",https://www.career.go.kr/cloud/w/major/uView?seq=144,2026-06-02T12:18:01+00:00
10120,말특수동물학과,자연계열,2020-12-02,대수|미적분Ⅰ|확률과 통계|화학|생명과학|지구과학|정보,미적분Ⅱ|인공지능 수학|물질과 에너지|화학 반응의 세계|세포와 물질대사|생물의 유전|생활과학 탐구,실용 통계|기후변화와 환경생태,"출처 : 서울특별시교육청교육연구정보원, 2022 개정 교육과정 선택 과목 안내서, 동물자원학과",https://www.career.go.kr/cloud/w/major/uView?seq=10120,2026-06-02T12:18:01+00:00
150,메이크업아티스트과,예체능계열,2020-12-02,독서와 작문|문학|대수|확률과 통계|영어Ⅰ|영어Ⅱ|영어 독해오작문|미술|정보,주제 탐구 독서|문학과 영상|미술 창작|미술 감상과 비평|인간과 심리,매체 의사소통|미디어 영어|세계 문화와 영어|여행지리|사회문제 탐구|미술과 매체,"출처 : 서울특별시교육청교육연구정보원, 2022 개정 교육과정 선택 과목 안내서, 디자인과",https://www.career.go.kr/cloud/w/major/uView?seq=150,2026-06-02T12:18:02+00:00
151,메카트로닉스공학과,공학계열,2020-12-02,대수|확률과 통계|미적분 Ⅰ|인공지능 수학|세계시민과 지리|사회와 문화|정보,기하|미적분Ⅱ|도시의 미래 탐구|경제|로봇과 공학세계|인공지능 기초|데이터 과학,실용 통계|사회문제 탐구|금융과 경제생활|윤리문제 탐구|창의공학 설계|소프트웨어와 생활,"출처 : 서울특별시교육청교육연구정보원, 2022 개정 교육과정 선택 과목 안내서, 산업공학과",https://www.career.go.kr/cloud/w/major/uView?seq=151,2026-06-02T12:18:02+00:00
152,메카트로닉스과,공학계열,2020-12-02,대수|확률과 통계|미적분 Ⅰ|인공지능 수학|세계시민과 지리|사회와 문화|정보,기하|미적분Ⅱ|도시의 미래 탐구|경제|로봇과 공학세계|인공지능 기초|데이터 과학,실용 통계|사회문제 탐구|금융과 경제생활|윤리문제 탐구|창의공학 설계|소프트웨어와 생활,"출처 : 서울특별시교육청교육연구정보원, 2022 개정 교육과정 선택 과목 안내서, 산업공학과",https://www.career.go.kr/cloud/w/major/uView?seq=152,2026-06-02T12:18:03+00:00
153,모델과,예체능계열,2020-12-02,독서와 작문|문학|대수|확률과 통계|영어Ⅰ|영어Ⅱ|영어 독해오작문|미술|정보,주제 탐구 독서|문학과 영상|미술 창작|미술 감상과 비평|인간과 심리,매체 의사소통|미디어 영어|세계 문화와 영어|여행지리|사회문제 탐구|미술과 매체,"출처 : 서울특별시교육청교육연구정보원, 2022 개정 교육과정 선택 과목 안내서, 디자인과",https://www.career.go.kr/cloud/w/major/uView?seq=153,2026-06-02T12:18:03+00:00
10118,모바일시스템공학과,공학계열,2020-12-02,대수|확률과 통계|미적분 Ⅰ|인공지능 수학|영어Ⅰ|영어Ⅱ|영어독해와 작문|물리학|정보,기하|미적분Ⅱ|인공지능 수학|전자기와 양자|역학과 에너지|로봇과 공학세계|인공지능 기초|데이터 과학,실용 통계|수학과제 탐구|창의 공학 설계|소프트웨어와 생활,"출처 : 서울특별시교육청교육연구정보원, 2022 개정 교육과정 선택 과목 안내서, 소프트웨어학과",https://www.career.go.kr/cloud/w/major/uView?seq=10118,2026-06-02T12:18:04+00:00
155,목조형가구학과,예체능계열,2020-12-02,화법과 언어|독서와 작문|문학|영어 Ⅰ|영어Ⅱ|영어 독해와 작문|세계사|미술,주제 탐구 독서|문학과 영상|미술 창작|미술 감상과 비평|인간과 철학|인간과 심리,매체 의사소통|미디어 영어|세계 문화와 영어|여행지리|미술과 매체,"출처 : 서울특별시교육청교육연구정보원, 2022 개정 교육과정 선택 과목 안내서, 조소과",https://www.career.go.kr/cloud/w/major/uView?seq=155,2026-06-02T12:18:04+00:00
10152,무도과,예체능계열,2020-12-02,독서와 작문|문학|대수|미적분I|확률과 통계|영어 Ⅰ|영어 독해와 작문|사회와 문화|현대사회와 윤리|물리학|생명과학|정보,경제|역학과 에너지|화학 반응의 세계|세포와 물질대사|생물의 유전|데이터 과학,매체 의사소통|실생활 영어 회화|실용 통계,"출처 : 서울특별시교육청교육연구정보원, 2022 개정 교육과정 선택 과목 안내서, 체육학과",https://www.career.go.kr/cloud/w/major/uView?seq=10152,2026-06-02T12:18:04+00:00
158,무도학과,예체능계열,2020-12-02,독서와 작문|문학|대수|미적분I|확률과 통계|영어 Ⅰ|영어 독해와 작문|사회와 문화|현대사회와 윤리|물리학|생명과학|정보,경제|역학과 에너지|화학 반응의 세계|세포와 물질대사|생물의 유전|데이터 과학,매체 의사소통|실생활 영어 회화|실용 통계,"출처 : 서울특별시교육청교육연구정보원, 2022 개정 교육과정 선택 과목 안내서, 체육학과",https://www.career.go.kr/cloud/w/major/uView?seq=158,2026-06-02T12:18:05+00:00
160,무용과,예체능계열,2020-12-02,독서와 작문|문학|대수|미적분I|확률과 통계|영어 I|영어 독해와 작문|사회와 문화|현대사회와 윤리|물리학|생명과학|정보,경제|역학과 메너지|화학 반응의 세계|세포와 물질대사|생물의 유전|데이터 과학,매체 의사소통|실생활 영어 회화|실용 통계,"출처 : 서울특별시교육청교육연구정보원, 2022 개정 교육과정 선택 과목 안내서, 무용학과",https://www.career.go.kr/cloud/w/major/uView?seq=160,2026-06-02T12:18:05+00:00
162,무용학과,예체능계열,2020-12-02,독서와 작문|문학|대수|미적분I|확률과 통계|영어 I|영어 독해와 작문|사회와 문화|현대사회와 윤리|물리학|생명과학|정보,경제|역학과 메너지|화학 반응의 세계|세포와 물질대사|생물의 유전|데이터 과학,매체 의사소통|실생활 영어 회화|실용 통계,"출처 : 서울특별시교육청교육연구정보원, 2022 개정 교육과정 선택 과목 안내서, 무용학과",https://www.career.go.kr/cloud/w/major/uView?seq=162,2026-06-02T12:18:05+00:00
21007,무인항공드론과,공학계열,2020-12-02,대수|미적분Ⅰ|확률과 통계|물리학|화학|생명과학|정보|기술|가정,기하|미적분 II|수학과제 탐구|인공지능 수학|역학과 에너지|전자기와 양자|물질과 에너지|화학 반응의 세계|인공지능 기초|데이터 과학|로봇과 공학세계,창의 공학 설계|소프트웨어와 생활,"출처 : 서울특별시교육청교육연구정보원, 2022 개정 교육과정 선택 과목 안내서, 스마트모빌리티학과",https://www.career.go.kr/cloud/w/major/uView?seq=21007,2026-06-02T12:18:06+00:00
21008,무인항공학과,공학계열,2020-12-02,대수|미적분Ⅰ|확률과 통계|물리학|화학|생명과학|정보|기술|가정,기하|미적분 II|수학과제 탐구|인공지능 수학|역학과 에너지|전자기와 양자|물질과 에너지|화학 반응의 세계|인공지능 기초|데이터 과학|로봇과 공학세계,창의 공학 설계|소프트웨어와 생활,"출처 : 서울특별시교육청교육연구정보원, 2022 개정 교육과정 선택 과목 안내서, 스마트모빌리티학과",https://www.career.go.kr/cloud/w/major/uView?seq=21008,2026-06-02T12:18:06+00:00
163,문예창작과,인문계열,2020-12-02,독서와 작문|문학,주체 탐구 독서|문학과 영상|문예 창작의 이해|문장론|문학 감상과 비평|시 창작|소설 창작|극 창작,독서 토론과 글쓰기|문학과 매체,"출처 : 서울특별시교육청교육연구정보원, 2022 개정 교육과정 선택 과목 안내서, 문예창작학과",https://www.career.go.kr/cloud/w/major/uView?seq=163,2026-06-02T12:18:07+00:00
164,문예창작학과,인문계열,2020-12-02,독서와 작문|문학,주체 탐구 독서|문학과 영상|문예 창작의 이해|문장론|문학 감상과 비평|시 창작|소설 창작|극 창작,독서 토론과 글쓰기|문학과 매체,"출처 : 서울특별시교육청교육연구정보원, 2022 개정 교육과정 선택 과목 안내서, 문예창작학과",https://www.career.go.kr/cloud/w/major/uView?seq=164,2026-06-02T12:18:07+00:00
165,문헌정보과,인문계열,2020-12-02,화법과 언어|독서와 작문|확률과 통계|사회와 문화|정보,주제 탐구 독서|인공지능 수학|법과 사회|인문학과 윤리|인공지능 기초|데이터 과학,독서 토론 글쓰기|매체 의사소통|실용 통계|사회문제 탐구|지식 재산 일반,"출처 : 서울특별시교육청교육연구정보원, 2022 개정 교육과정 선택 과목 안내서, 문헌정보학과",https://www.career.go.kr/cloud/w/major/uView?seq=165,2026-06-02T12:18:07+00:00
166,문헌정보학과,인문계열,2020-12-02,화법과 언어|독서와 작문|확률과 통계|사회와 문화|정보,주제 탐구 독서|인공지능 수학|법과 사회|인문학과 윤리|인공지능 기초|데이터 과학,독서 토론 글쓰기|매체 의사소통|실용 통계|사회문제 탐구|지식 재산 일반,"출처 : 서울특별시교육청교육연구정보원, 2022 개정 교육과정 선택 과목 안내서, 문헌정보학과",https://www.career.go.kr/cloud/w/major/uView?seq=166,2026-06-02T12:18:08+00:00
167,문화관광과,사회계열,2020-12-02,화법과 언어|독서와 작문|문학|대수|미적분I|확률과 통계|영어I|영어II|영어 독해와 작문|세계시민과 지리|세계사|사회와 문화|정보|제2외국어 과목,미적분II|기하|경제 수학|영어 발표와 토론|법과 사회|경제|윤리와 사상|국제 관계의 이해|인공지능 기초|데이터 과학,실용 통계|수학과제 탐구|실생활 영어 회화|세계 문화와 영어|사회문제 탐구|금융과 경제생활|제2외국어 문화 과목,"출처 : 서울특별시교육청교육연구정보원, 2022 개정 교육과정 선택 과목 안내서, 무역·유통학과",https://www.career.go.kr/cloud/w/major/uView?seq=167,2026-06-02T12:18:08+00:00
424,문화인류학과,인문계열,2020-12-02,독서와 작문|세계시민과 지리|세계사|사회와 문화|현대사회와 윤리|정보,주제 탐구 독서|영미 문학 읽기|한국지리 탐구|동아시아 역사 기행|법과 사회|윤리와 사상|인문학과 윤리|미술 감상과 비평|삶과 종교|인간과 심리,세계 문화와 영어|여행지리|역사로 탐구하는 현대 세계|사회문제 탐구|윤리문제 탐구|과학의 역사와 문화|미술과 매체|지식 재산 일반,"출처 : 서울특별시교육청교육연구정보원, 2022 개정 교육과정 선택 과목 안내서, 인류학과",https://www.career.go.kr/cloud/w/major/uView?seq=424,2026-06-02T12:18:09+00:00
169,문화재과,인문계열,2020-12-02,문학|독서와 작문|사회와 문화|세계시민과 지리|세계사|화학|정보,한국지리 탐구|동아시아 역사 기행|법과 사회|인문학과 윤리|화학 반응의 세계|미술 감상과 비평|한문고전 일기|삶과 종교,수학과 문화|여행지리|역사로 탐구하는 현대 세계|사회문제 탐구|미술과 매체|지식 재산 일반|언어생활과 한자,"출처 : 서울특별시교육청교육연구정보원, 2022 개정 교육과정 선택 과목 안내서, 문화재보존학과",https://www.career.go.kr/cloud/w/major/uView?seq=169,2026-06-02T12:18:09+00:00
10031,문화콘텐츠학과,인문계열,2020-12-02,화법과 언어|문학|독서와 작문|영어 독해와 작문|세계시민과 지리|세계사|사회와 문화|현대사회와 윤리|음악|미술|연극|정보|제2외국어,주제 탐구 독서|문학과 영상|영미 문학 읽기|영어 발표와 토론|동아시아 역사 기행|정치|법과 사회|윤리와 사상|인문학과 윤리|미술 감상과 비평|음악 감상과 비평,독서 토론과 글쓰기|메체 의사소통|미디어 영어|세계 문화와 영어|사회문제 탐구|음악과 미디어|미술과 매체|지식 재산 일반|소프트웨어와 생활,"출처 : 서울특별시교육청교육연구정보원, 2022 개정 교육과정 선택 과목 안내서, 문화콘텐츠학과",https://www.career.go.kr/cloud/w/major/uView?seq=10031,2026-06-02T12:18:09+00:00
174,물리교육과,교육계열,2020-12-02,화법과 언어|독서와 작문|문학|대수|미적분Ⅰ|확률과 통계|영어Ⅰ|영어Ⅱ|영어 독해와 작문|물리학|화학|생명과학|지구과학|기술|가정|정보|생태와 환경,주제 탐구 독서|기하|미적분Ⅱ|역학과 에너지|전자기와 양자|물질과 에너지|화학 반응의 세계|세포와 물질대사|생물의 유전|지구시스템과학,기후변화와 환경생태|융합과학 탐구,"출처 : 서울특별시교육청교육연구정보원, 2022 개정 교육과정 선택 과목 안내서, 과학교과교육과",https://www.career.go.kr/cloud/w/major/uView?seq=174,2026-06-02T12:18:10+00:00
175,물리치료과,의약계열,2020-12-02,확률과 통계|화학|생명과학|사회와 문화|현대사회와 윤리,세포와 물질대사|생물의 유전|법과 사회|인공지능기초|보건,생명과학 실험,"출처 : 서울특별시교육청교육연구정보원, 2022 개정 교육과정 선택 과목 안내서, 물리치료학과",https://www.career.go.kr/cloud/w/major/uView?seq=175,2026-06-02T12:18:10+00:00
176,물리치료학과,의약계열,2020-12-02,확률과 통계|화학|생명과학|사회와 문화|현대사회와 윤리,세포와 물질대사|생물의 유전|법과 사회|인공지능기초|보건,생명과학 실험,"출처 : 서울특별시교육청교육연구정보원, 2022 개정 교육과정 선택 과목 안내서, 물리치료학과",https://www.career.go.kr/cloud/w/major/uView?seq=176,2026-06-02T12:18:11+00:00
177,물리학과,자연계열,2020-12-02,대수|미적분Ⅰ|확률과 통계|물리학|화학|지구과학,기하|미적분Ⅱ|역학과 메너지|전자기와 양자|물질과 메너지|화학반응의 세계,수학과제 탐구|융합과학 탐구,"출처 : 서울특별시교육청교육연구정보원, 2022 개정 교육과정 선택 과목 안내서, 물리학과",https://www.career.go.kr/cloud/w/major/uView?seq=177,2026-06-02T12:18:11+00:00
178,뮤지컬과,예체능계열,2020-12-02,화법과 언어|문학|연극,문학과 영상|연극과 몸|연극과 말|연기|무대 미술과 기술|연극제작 실습|연극 감상과 비평,매체 의사소통|연극과 삶|음악과 미디어|미술과 매체,"출처 : 서울특별시교육청교육연구정보원, 2022 개정 교육과정 선택 과목 안내서, 연극영화학과",https://www.career.go.kr/cloud/w/major/uView?seq=178,2026-06-02T12:18:11+00:00
179,미국학과,인문계열,2020-12-02,세계시민과 지리|세계사|사회와 문화|제2외국어 과목,동아시아 역사 기행|정치|법과 사회|경제|국제 관계의 이해,기후변화와 지속가능한 세계|세계 문화와 영어,"출처 : 서울특별시교육청교육연구정보원, 2022 개정 교육과정 선택 과목 안내서, 국제학과",https://www.career.go.kr/cloud/w/major/uView?seq=179,2026-06-02T12:18:12+00:00
183,미술교육과,교육계열,2020-12-02,화법과 언어|독서와 작문|문학|영어Ⅰ|영어Ⅱ|영어 독해와 작문|세계사|미술,주제 탐구 독서|미술 창작|미술 감상과 비평|인간과 심리|교육의 이해,매체 의사소통|미디어 영어|세계 문화와 영어|여행지리|미술과 매체,"출처 : 서울특별시교육청교육연구정보원, 2022 개정 교육과정 선택 과목 안내서, 미술교육과",https://www.career.go.kr/cloud/w/major/uView?seq=183,2026-06-02T12:18:12+00:00
184,미술학과,예체능계열,2020-12-02,화법과 언어|독서와 작문|문학|영어 Ⅰ|영어Ⅱ|영어 독해와 작문|세계사|미술,주제 탐구 독서|문학과 영상|미술 창작|미술 감상과 비평|인간과 철학|인간과 심리,매체 의사소통|미디어 영어|세계 문화와 영어|여행지리|미술과 매체,"출처 : 서울특별시교육청교육연구정보원, 2022 개정 교육과정 선택 과목 안내서, 회화과",https://www.career.go.kr/cloud/w/major/uView?seq=184,2026-06-02T12:18:13+00:00
186,미용과,예체능계열,2020-12-02,독서와 작문|문학|대수|확률과 통계|영어Ⅰ|영어Ⅱ|영어 독해오작문|미술|정보,주제 탐구 독서|문학과 영상|미술 창작|미술 감상과 비평|인간과 심리,매체 의사소통|미디어 영어|세계 문화와 영어|여행지리|사회문제 탐구|미술과 매체,"출처 : 서울특별시교육청교육연구정보원, 2022 개정 교육과정 선택 과목 안내서, 디자인과",https://www.career.go.kr/cloud/w/major/uView?seq=186,2026-06-02T12:18:13+00:00
10153,반도체과,공학계열,2020-12-02,대수|미적분Ⅰ|확률과 통계|물리학|화학|생명과학|정보,기하|미적분Ⅱ|역학과 에너지|전자기와 양자|물질과 에너지|화학 반응의 세계|세포와 물질대사|생물의 유전,융합과학 탐구,"출처 : 서울특별시교육청교육연구정보원, 2022 개정 교육과정 선택 과목 안내서, 신소재공학과",https://www.career.go.kr/cloud/w/major/uView?seq=10153,2026-06-02T12:18:13+00:00
195,반도체학과,공학계열,2020-12-02,대수|미적분Ⅰ|확률과 통계|물리학|화학|생명과학|정보,기하|미적분Ⅱ|역학과 에너지|전자기와 양자|물질과 에너지|화학 반응의 세계|세포와 물질대사|생물의 유전,융합과학 탐구,"출처 : 서울특별시교육청교육연구정보원, 2022 개정 교육과정 선택 과목 안내서, 신소재공학과",https://www.career.go.kr/cloud/w/major/uView?seq=195,2026-06-02T12:18:14+00:00
196,방사선과,의약계열,2020-12-02,확률과 통계|화학|생명과학|현대사회와 윤리,물질과 에너지|화학 반응의 세계|세포와 물질대사|생물의 유전|법과 사회|보건,화학 실험|생명과학 실험,"출처 : 서울특별시교육청교육연구정보원, 2022 개정 교육과정 선택 과목 안내서, 임상병리학과",https://www.career.go.kr/cloud/w/major/uView?seq=196,2026-06-02T12:18:14+00:00
10012,방사선학과,의약계열,2020-12-02,확률과 통계|화학|생명과학|현대사회와 윤리,물질과 에너지|화학 반응의 세계|세포와 물질대사|생물의 유전|법과 사회|보건,화학 실험|생명과학 실험,"출처 : 서울특별시교육청교육연구정보원, 2022 개정 교육과정 선택 과목 안내서, 임상병리학과",https://www.career.go.kr/cloud/w/major/uView?seq=10012,2026-06-02T12:18:15+00:00
354,방송연예과,예체능계열,2020-12-02,화법과 언어|문학|연극,문학과 영상|연극과 몸|연극과 말|연기|무대 미술과 기술|연극제작 실습|연극 감상과 비평,매체 의사소통|연극과 삶|음악과 미디어|미술과 매체,"출처 : 서울특별시교육청교육연구정보원, 2022 개정 교육과정 선택 과목 안내서, 연극영화학과",https://www.career.go.kr/cloud/w/major/uView?seq=354,2026-06-02T12:18:15+00:00
199,방송영상과,사회계열,2020-12-02,문학|독서와 작문|화법과 언어|사회와 문화|정보,정치|법과 사회|경제|윤리와 사상|인간과 심리,소프트웨어와 생활|사회문제 탐구|윤리문제 탐구,"출처 : 서울특별시교육청교육연구정보원, 2022 개정 교육과정 선택 과목 안내서, 정보미디어학과",https://www.career.go.kr/cloud/w/major/uView?seq=199,2026-06-02T12:18:16+00:00
21011,방송영상미디어과,예체능계열,2020-12-02,독서와 작문|정보,문학과 영상|인공지능 기초|데이터 과학,매체 의사소통|소프트웨어와 생활,"출처 : 서울특별시교육청교육연구정보원, 2022 개정 교육과정 선택 과목 안내서, 영상학과",https://www.career.go.kr/cloud/w/major/uView?seq=21011,2026-06-02T12:18:16+00:00
200,방송제작과,사회계열,2020-12-02,문학|독서와 작문|화법과 언어|사회와 문화|정보,정치|법과 사회|경제|윤리와 사상|인간과 심리,소프트웨어와 생활|사회문제 탐구|윤리문제 탐구,"출처 : 서울특별시교육청교육연구정보원, 2022 개정 교육과정 선택 과목 안내서, 정보미디어학과",https://www.career.go.kr/cloud/w/major/uView?seq=200,2026-06-02T12:18:16+00:00
202,법률과,사회계열,2020-12-02,화법과 언어|독서와 작문|문학|확률과 통계|영어 I|영어프|영어 독해와 작문|세계시민과 지리|사회와 문화|현대사회와 윤리|정보|제2외국어 과목|한문,주제 탐구 독서|영어 발표와 토론|정치|법과 사회|경제|윤리와 사상|국제 관계의 이해,독서 토론과 글쓰기|매체 의사소통|실용 통계|수학과제 탐구|사회문제 탐구|기후변화와 지속가능한 세계,"출처 : 서울특별시교육청교육연구정보원, 2022 개정 교육과정 선택 과목 안내서, 법학과",https://www.career.go.kr/cloud/w/major/uView?seq=202,2026-06-02T12:18:17+00:00
210,보건관리학과,의약계열,2020-12-02,화법과 언어|독서와 작문|문학|확률과 통계|영어 Ⅰ|영어프|영어 독해와 작문|세계시민과 지리|사회와 문화|현대사회와 윤리|생명과학|정보|제2외국어 과목|한문,주제 탐구 독서|영어 발표와 토론|정치|법과 사회|경제|윤리와 사상|국제 관계의 이해|생물의 유전,독서 토론과 글쓰기|실용 통계|수학과제 탐구|사회문제 탐구|기후변화와 지속가능한 세계|융합과학 탐구|보건,"출처 : 서울특별시교육청교육연구정보원, 2022 개정 교육과정 선택 과목 안내서, 보건행정학과",https://www.career.go.kr/cloud/w/major/uView?seq=210,2026-06-02T12:18:17+00:00
213,보건행정과,의약계열,2020-12-02,화법과 언어|독서와 작문|문학|확률과 통계|영어 Ⅰ|영어프|영어 독해와 작문|세계시민과 지리|사회와 문화|현대사회와 윤리|생명과학|정보|제2외국어 과목|한문,주제 탐구 독서|영어 발표와 토론|정치|법과 사회|경제|윤리와 사상|국제 관계의 이해|생물의 유전,독서 토론과 글쓰기|실용 통계|수학과제 탐구|사회문제 탐구|기후변화와 지속가능한 세계|융합과학 탐구|보건,"출처 : 서울특별시교육청교육연구정보원, 2022 개정 교육과정 선택 과목 안내서, 보건행정학과",https://www.career.go.kr/cloud/w/major/uView?seq=213,2026-06-02T12:18:18+00:00
215,보건환경과,의약계열,2020-12-02,화법과 언어|독서와 작문|문학|확률과 통계|영어 Ⅰ|영어프|영어 독해와 작문|세계시민과 지리|사회와 문화|현대사회와 윤리|생명과학|정보|제2외국어 과목|한문,주제 탐구 독서|영어 발표와 토론|정치|법과 사회|경제|윤리와 사상|국제 관계의 이해|생물의 유전,독서 토론과 글쓰기|실용 통계|수학과제 탐구|사회문제 탐구|기후변화와 지속가능한 세계|융합과학 탐구|보건,"출처 : 서울특별시교육청교육연구정보원, 2022 개정 교육과정 선택 과목 안내서, 보건행정학과",https://www.career.go.kr/cloud/w/major/uView?seq=215,2026-06-02T12:18:18+00:00
216,보석감정과,예체능계열,2020-12-02,화법과 언어|독서와 작문|문학|영어 I|영어Ⅱ|영어 독해와 작문|세계사|미술,주제 탐구 독서|문학과 영상|미술 창작|미술 감상과 비평|인간과 철학|인간과 심리,매체 의사소통|미디어 영어|세계 문화와 영어|여행지리|미술과 매체,"출처 : 서울특별시교육청교육연구정보원, 2022 개정 교육과정 선택 과목 안내서, 공예과(조형학과)",https://www.career.go.kr/cloud/w/major/uView?seq=216,2026-06-02T12:18:18+00:00
223,북한학과,인문계열,2020-12-02,세계시민과 지리|세계사|사회와 문화|제2외국어 과목,동아시아 역사 기행|정치|법과 사회|경제|국제 관계의 이해,기후변화와 지속가능한 세계|세계 문화와 영어,"출처 : 서울특별시교육청교육연구정보원, 2022 개정 교육과정 선택 과목 안내서, 국제학과",https://www.career.go.kr/cloud/w/major/uView?seq=223,2026-06-02T12:18:19+00:00
224,불교학과,인문계열,2020-12-02,독서와 작문|세계시민과 지리|세계사|사회와 문화|현대사회와 윤리|정보,주제 탐구 독서|영미 문학 읽기|한국지리 탐구|동아시아 역사 기행|법과 사회|윤리와 사상|인문학과 윤리|미술 감상과 비평|삶과 종교|인간과 심리,세계 문화와 영어|여행지리|역사로 탐구하는 현대 세계|사회문제 탐구|윤리문제 탐구|과학의 역사와 문화|미술과 매체|지식 재산 일반,"출처 : 서울특별시교육청교육연구정보원, 2022 개정 교육과정 선택 과목 안내서, 인류학과",https://www.career.go.kr/cloud/w/major/uView?seq=224,2026-06-02T12:18:19+00:00
225,불어교육과,교육계열,2020-12-02,화법과 언어|독서와 작문|문학|대수|미적분Ⅰ|확률과 통계|영어Ⅰ|영어Ⅱ|영어 독해와 작문|세계시민과 지리|세계사|사회와 문화|현대사회와 윤리|제2외국어 과목,주제 탐구 독서|영어 발표와 토론|심화 영어|심화 영어 독해와 직문|동아시아 역사 기행|정치|윤리와 사상|제2외국어 회화 과목|심화 제2외국어 과목,독서 토론과 글쓰기|언어생활 탐구|실생활 영어 회화|미디어 영어|세계 문화와 영어|사회문제 탐구|제2외국어 문화 과목,"출처 : 서울특별시교육청교육연구정보원, 2022 개정 교육과정 선택 과목 안내서, 언어교과교육과",https://www.career.go.kr/cloud/w/major/uView?seq=225,2026-06-02T12:18:20+00:00
10040,뷰티미용학과,예체능계열,2020-12-02,독서와 작문|문학|대수|확률과 통계|영어Ⅰ|영어Ⅱ|영어 독해오작문|미술|정보,주제 탐구 독서|문학과 영상|미술 창작|미술 감상과 비평|인간과 심리,매체 의사소통|미디어 영어|세계 문화와 영어|여행지리|사회문제 탐구|미술과 매체,"출처 : 서울특별시교육청교육연구정보원, 2022 개정 교육과정 선택 과목 안내서, 디자인과",https://www.career.go.kr/cloud/w/major/uView?seq=10040,2026-06-02T12:18:20+00:00
227,비서행정과,사회계열,2020-12-02,현대사회와 윤리|세계시민과 지리|세계사|사회와 문화|제 2외국어 과목,직무 영어|한국지리 탐구,세계 문화와 영어|여행지리|사회문제 탐구,"출처 : 서울특별시교육청교육연구정보원, 2022 개정 교육과정 선택 과목 안내서, 항공서비스학과",https://www.career.go.kr/cloud/w/major/uView?seq=227,2026-06-02T12:18:20+00:00
10119,사이버국방학과,공학계열,2020-12-02,대수|확률과 통계|미적분 Ⅰ|인공지능 수학|물리학|정보,기하|미적분Ⅱ|인공지능 수학|전자기와 양자|역학과 에너지|로봇과 공학세계|인공지능 기초|데이터 과학,수학과 문화|실용 통계|수학과제 탐구|창의 공학 설계|소프트웨어와 생활,"출처 : 서울특별시교육청교육연구정보원, 2022 개정 교육과정 선택 과목 안내서, 정보보안학과",https://www.career.go.kr/cloud/w/major/uView?seq=10119,2026-06-02T12:18:21+00:00
232,사진과,예체능계열,2020-12-02,미술|화학,미술 창작|화학 반응의 세계,미술과 매체,"출처 : 서울특별시교육청교육연구정보원, 2022 개정 교육과정 선택 과목 안내서, 사진학과",https://www.career.go.kr/cloud/w/major/uView?seq=232,2026-06-02T12:18:21+00:00
234,사진영상학과,예체능계열,2020-12-02,화법과 언어|문학|독서와 작문|영어 독해와 작문|세계시민과 지리|세계사|사회와 문화|현대사회와 윤리|음악|미술|연극|정보|제2외국어,주제 탐구 독서|문학과 영상|영미 문학 읽기|영어 발표와 토론|동아시아 역사 기행|정치|법과 사회|윤리와 사상|인문학과 윤리|미술 감상과 비평|음악 감상과 비평,독서 토론과 글쓰기|메체 의사소통|미디어 영어|세계 문화와 영어|사회문제 탐구|음악과 미디어|미술과 매체|지식 재산 일반|소프트웨어와 생활,"출처 : 서울특별시교육청교육연구정보원, 2022 개정 교육과정 선택 과목 안내서, 문화콘텐츠학과",https://www.career.go.kr/cloud/w/major/uView?seq=234,2026-06-02T12:18:22+00:00
236,사학과,인문계열,2020-12-02,독서와 작문|세계사|사회와 문화|한문,동아시아 역사 기행|정치|법과 사회|국제 관계의 이해|미술 감상과 비평,언어생활 탐구|역사로 탐구하는 현대 세계|사회문제 탐구|미술과 매체|지식 재산 일반|언어 생활과 한자,"출처 : 서울특별시교육청교육연구정보원, 2022 개정 교육과정 선택 과목 안내서, 사학과",https://www.career.go.kr/cloud/w/major/uView?seq=236,2026-06-02T12:18:22+00:00
21012,사회교육과,교육계열,2020-12-02,화법과 언어|독서와 작문|문학|대수|미적분Ⅰ|확률과 통계|영어Ⅰ|영어Ⅱ|영어 독해와 작문|세계시민과 지리|세계사|사회와 문화|현대사회와 윤리|제2외국어 과목,주제 탐구 독서|영어 발표와 토론|한국지리 탐구|동아시아 역사기행|정치|법과 사회|경제|윤리와 사상|국제 관계의 이해,독서 토론과 글쓰기|미디어 영어|여행지리|역사로 탐구하는 현대세계|사회문제 탐구|금융과 경제생활|윤리문제 탐구,"출처 : 서울특별시교육청교육연구정보원, 2022 개정 교육과정 선택 과목 안내서, 사회교과교육과",https://www.career.go.kr/cloud/w/major/uView?seq=21012,2026-06-02T12:18:22+00:00
239,사회복지과,사회계열,2020-12-02,현대사회와 윤리|사회와 문화,윤리와 사상|정치|법과 사회|경제|한국지리탐구|도시의 미래 탐구|국제 관계의 이해|생활과학 탐구|인간과 심리,사회문제 탐구|윤리문제 탐구,"출처 : 서울특별시교육청교육연구정보원, 2022 개정 교육과정 선택 과목 안내서, 사회복지학과",https://www.career.go.kr/cloud/w/major/uView?seq=239,2026-06-02T12:18:23+00:00
257,사회복지상담과,사회계열,2020-12-02,현대사회와 윤리|사회와 문화,윤리와 사상|정치|법과 사회|경제|한국지리탐구|도시의 미래 탐구|국제 관계의 이해|생활과학 탐구|인간과 심리,사회문제 탐구|윤리문제 탐구,"출처 : 서울특별시교육청교육연구정보원, 2022 개정 교육과정 선택 과목 안내서, 사회복지학과",https://www.career.go.kr/cloud/w/major/uView?seq=257,2026-06-02T12:18:23+00:00
241,사회체육과,예체능계열,2020-12-02,독서와 작문|문학|대수|미적분I|확률과 통계|영어 Ⅰ|영어 독해와 작문|사회와 문화|현대사회와 윤리|물리학|생명과학|정보,경제|역학과 에너지|화학 반응의 세계|세포와 물질대사|생물의 유전|데이터 과학,매체 의사소통|실생활 영어 회화|실용 통계,"출처 : 서울특별시교육청교육연구정보원, 2022 개정 교육과정 선택 과목 안내서, 체육학과",https://www.career.go.kr/cloud/w/major/uView?seq=241,2026-06-02T12:18:24+00:00
242,사회체육학과,예체능계열,2020-12-02,독서와 작문|문학|대수|미적분I|확률과 통계|영어 Ⅰ|영어 독해와 작문|사회와 문화|현대사회와 윤리|물리학|생명과학|정보,경제|역학과 에너지|화학 반응의 세계|세포와 물질대사|생물의 유전|데이터 과학,매체 의사소통|실생활 영어 회화|실용 통계,"출처 : 서울특별시교육청교육연구정보원, 2022 개정 교육과정 선택 과목 안내서, 체육학과",https://www.career.go.kr/cloud/w/major/uView?seq=242,2026-06-02T12:18:24+00:00
252,산업디자인과,예체능계열,2020-12-02,독서와 작문|문학|대수|확률과 통계|영어Ⅰ|영어Ⅱ|영어 독해오작문|미술|정보,주제 탐구 독서|문학과 영상|미술 창작|미술 감상과 비평|인간과 심리,매체 의사소통|미디어 영어|세계 문화와 영어|여행지리|사회문제 탐구|미술과 매체,"출처 : 서울특별시교육청교육연구정보원, 2022 개정 교육과정 선택 과목 안내서, 디자인과",https://www.career.go.kr/cloud/w/major/uView?seq=252,2026-06-02T12:18:25+00:00
10050,산업설비자동화과,공학계열,2020-12-02,대수|미적분 Ⅰ|확률과 통계|물리학|화학|지구과학|정보|기술|가정,기하|미적분Ⅱ|역학과 에너지|전자기와 양자|물질과 에너지|화학 반응의 세계|인공지능 기초|데이터 과학|로봇과 공학세계,창의 공학 설계|소프트웨어와 생활,"출처 : 서울특별시교육청교육연구정보원, 2022 개정 교육과정 선택 과목 안내서, 제어계측공학과",https://www.career.go.kr/cloud/w/major/uView?seq=10050,2026-06-02T12:18:25+00:00
255,산업안전과,의약계열,2020-12-02,화법과 언어|독서와 작문|문학|확률과 통계|영어 Ⅰ|영어프|영어 독해와 작문|세계시민과 지리|사회와 문화|현대사회와 윤리|생명과학|정보|제2외국어 과목|한문,주제 탐구 독서|영어 발표와 토론|정치|법과 사회|경제|윤리와 사상|국제 관계의 이해|생물의 유전,독서 토론과 글쓰기|실용 통계|수학과제 탐구|사회문제 탐구|기후변화와 지속가능한 세계|융합과학 탐구|보건,"출처 : 서울특별시교육청교육연구정보원, 2022 개정 교육과정 선택 과목 안내서, 보건행정학과",https://www.career.go.kr/cloud/w/major/uView?seq=255,2026-06-02T12:18:25+00:00
10051,산업잠수과,예체능계열,2020-12-02,독서와 작문|문학|대수|미적분I|확률과 통계|영어 Ⅰ|영어 독해와 작문|사회와 문화|현대사회와 윤리|물리학|생명과학|정보,경제|역학과 에너지|화학 반응의 세계|세포와 물질대사|생물의 유전|데이터 과학,매체 의사소통|실생활 영어 회화|실용 통계,"출처 : 서울특별시교육청교육연구정보원, 2022 개정 교육과정 선택 과목 안내서, 체육학과",https://www.career.go.kr/cloud/w/major/uView?seq=10051,2026-06-02T12:18:26+00:00
260,생명공학과,자연계열,2020-12-02,대수|미적분 Ⅰ|확률과 통계|물리학|화학|생명과학|정보,기하|미적분Ⅱ|물질과 에너지|화학 반응의 세계|세포와 물질대사|생물의 유전,융합과학 탐구|기후변화와 지속가능한 세계,"출처 : 서울특별시교육청교육연구정보원, 2022 개정 교육과정 선택 과목 안내서, 생명공학과",https://www.career.go.kr/cloud/w/major/uView?seq=260,2026-06-02T12:18:26+00:00
261,생명과학과,자연계열,2020-12-02,대수|미적분 Ⅰ|확률과 통계|물리학|화학|생명과학|정보,기하|미적분Ⅱ|물질과 에너지|화학 반응의 세계|세포와 물질대사|생물의 유전,융합과학 탐구|기후변화와 지속가능한 세계,"출처 : 서울특별시교육청교육연구정보원, 2022 개정 교육과정 선택 과목 안내서, 생명공학과",https://www.career.go.kr/cloud/w/major/uView?seq=261,2026-06-02T12:18:27+00:00
263,생물교육과,교육계열,2020-12-02,화법과 언어|독서와 작문|문학|대수|미적분Ⅰ|확률과 통계|영어Ⅰ|영어Ⅱ|영어 독해와 작문|물리학|화학|생명과학|지구과학|기술|가정|정보|생태와 환경,주제 탐구 독서|기하|미적분Ⅱ|역학과 에너지|전자기와 양자|물질과 에너지|화학 반응의 세계|세포와 물질대사|생물의 유전|지구시스템과학,기후변화와 환경생태|융합과학 탐구,"출처 : 서울특별시교육청교육연구정보원, 2022 개정 교육과정 선택 과목 안내서, 과학교과교육과",https://www.career.go.kr/cloud/w/major/uView?seq=263,2026-06-02T12:18:27+00:00
10048,생물산업기계공학과,자연계열,2020-12-02,대수|확률과 통계|미적분 Ⅰ|물리학|화학|생명과학|지구과학|정보,기하|미적분Ⅱ|인공지능 수학|역학과 에너지|전자기와 양자|물질과 에너지|화학 반응의 세계|세포와 물질대사|생물의 유전|지구시스템과학|행성우주과학|로봇과 공학세계|생활과학 탐구|인공지능 기초|데이터 과학,실용 통계|수학과제 탐구|융합과학 탐구|사회문제 탐구|창의 공학 설계|소프트웨어와 생활,"출처 : 서울특별시교육청교육연구정보원, 2022 개정 교육과정 선택 과목 안내서, 융합학과",https://www.career.go.kr/cloud/w/major/uView?seq=10048,2026-06-02T12:18:28+00:00
265,생물학과,자연계열,2020-12-02,대수|미적분 Ⅰ|확률과 통계|물리학|화학|생명과학|정보,기하|미적분Ⅱ|물질과 에너지|화학 반응의 세계|세포와 물질대사|생물의 유전,융합과학 탐구|기후변화와 지속가능한 세계,"출처 : 서울특별시교육청교육연구정보원, 2022 개정 교육과정 선택 과목 안내서, 생명공학과",https://www.career.go.kr/cloud/w/major/uView?seq=265,2026-06-02T12:18:28+00:00
267,생화학과,자연계열,2020-12-02,대수|미적분 Ⅰ|확률과 통계|물리학|화학|생명과학|정보,기하|미적분Ⅱ|역학과 에너지|전자기와 양자|물질과 에너지|화학 반응의 세계|세포와 물질대사|로봇과 공학세계,융합과학 탐구,"출처 : 서울특별시교육청교육연구정보원, 2022 개정 교육과정 선택 과목 안내서, 화학공학과",https://www.career.go.kr/cloud/w/major/uView?seq=267,2026-06-02T12:18:29+00:00
21013,생활문화과,자연계열,2020-12-02,화법과 언어|문학|독서와 작문|영어 독해와 작문|세계시민과 지리|세계사|사회와 문화|현대사회와 윤리|음악|미술|연극|정보|제2외국어,주제 탐구 독서|문학과 영상|영미 문학 읽기|영어 발표와 토론|동아시아 역사 기행|정치|법과 사회|윤리와 사상|인문학과 윤리|미술 감상과 비평|음악 감상과 비평,독서 토론과 글쓰기|메체 의사소통|미디어 영어|세계 문화와 영어|사회문제 탐구|음악과 미디어|미술과 매체|지식 재산 일반|소프트웨어와 생활,"출처 : 서울특별시교육청교육연구정보원, 2022 개정 교육과정 선택 과목 안내서, 문화콘텐츠학과",https://www.career.go.kr/cloud/w/major/uView?seq=21013,2026-06-02T12:18:29+00:00
272,서양화과,예체능계열,2020-12-02,화법과 언어|독서와 작문|문학|영어 Ⅰ|영어Ⅱ|영어 독해와 작문|세계사|미술,주제 탐구 독서|문학과 영상|미술 창작|미술 감상과 비평|인간과 철학|인간과 심리,매체 의사소통|미디어 영어|세계 문화와 영어|여행지리|미술과 매체,"출처 : 서울특별시교육청교육연구정보원, 2022 개정 교육과정 선택 과목 안내서, 회화과",https://www.career.go.kr/cloud/w/major/uView?seq=272,2026-06-02T12:18:29+00:00
10005,선교과,사회계열,2020-12-02,현대사회와 윤리|사회와 문화,윤리와 사상|정치|법과 사회|경제|한국지리탐구|도시의 미래 탐구|국제 관계의 이해|생활과학 탐구|인간과 심리,사회문제 탐구|윤리문제 탐구,"출처 : 서울특별시교육청교육연구정보원, 2022 개정 교육과정 선택 과목 안내서, 사회복지학과",https://www.career.go.kr/cloud/w/major/uView?seq=10005,2026-06-02T12:18:30+00:00
276,선교학과,인문계열,2020-12-02,독서와 작문|세계시민과 지리|세계사|사회와 문화|현대사회와 윤리|정보,주제 탐구 독서|영미 문학 읽기|한국지리 탐구|동아시아 역사 기행|법과 사회|윤리와 사상|인문학과 윤리|미술 감상과 비평|삶과 종교|인간과 심리,세계 문화와 영어|여행지리|역사로 탐구하는 현대 세계|사회문제 탐구|윤리문제 탐구|과학의 역사와 문화|미술과 매체|지식 재산 일반,"출처 : 서울특별시교육청교육연구정보원, 2022 개정 교육과정 선택 과목 안내서, 인류학과",https://www.career.go.kr/cloud/w/major/uView?seq=276,2026-06-02T12:18:30+00:00
279,섬유공학과,공학계열,2020-12-02,대수|미적분 Ⅰ|확률과 통계|물리학|화학|생명과학|정보|기술|가정,기하|미적분Ⅱ|역학과 에너지|물질과 에너지|화학 반응의 세계|세포와 물질대사|생활과학 탐구,융합과학 탐구,"출처 : 서울특별시교육청교육연구정보원, 2022 개정 교육과정 선택 과목 안내서, 섬유공학과",https://www.career.go.kr/cloud/w/major/uView?seq=279,2026-06-02T12:18:30+00:00
281,섬유디자인과,공학계열,2020-12-02,대수|미적분 Ⅰ|확률과 통계|물리학|화학|생명과학|정보|기술|가정,기하|미적분Ⅱ|역학과 에너지|물질과 에너지|화학 반응의 세계|세포와 물질대사|생활과학 탐구,융합과학 탐구,"출처 : 서울특별시교육청교육연구정보원, 2022 개정 교육과정 선택 과목 안내서, 섬유공학과",https://www.career.go.kr/cloud/w/major/uView?seq=281,2026-06-02T12:18:31+00:00
282,섬유디자인학과,예체능계열,2020-12-02,독서와 작문|문학|대수|확률과 통계|영어Ⅰ|영어Ⅱ|영어 독해오작문|미술|정보,주제 탐구 독서|문학과 영상|미술 창작|미술 감상과 비평|인간과 심리,매체 의사소통|미디어 영어|세계 문화와 영어|여행지리|사회문제 탐구|미술과 매체,"출처 : 서울특별시교육청교육연구정보원, 2022 개정 교육과정 선택 과목 안내서, 디자인과",https://www.career.go.kr/cloud/w/major/uView?seq=282,2026-06-02T12:18:31+00:00
283,성악과,예체능계열,2020-12-02,화법과 언어|독서와 작문|문학|영어Ⅰ|영어Ⅱ|영어 독해와 작문|사회와 문화|음악,주제 탐구 독서|심화 영어|법과 사회|경제|윤리와 사상|음악 연주와 창작|음악 감상과 비평|음악 이론|음악사|시창|청음|음악 전공 실기|합창|합주|음악 공연 실습,매체 의사소통|미디어 영어|세계 문화와 영어|여행지리|음악과 미디어|음악과 문화,"출처 : 서울특별시교육청교육연구정보원, 2022 개정 교육과정 선택 과목 안내서, 성악과",https://www.career.go.kr/cloud/w/major/uView?seq=283,2026-06-02T12:18:32+00:00
285,세라믹공학과,공학계열,2020-12-02,대수|미적분Ⅰ|확률과 통계|물리학|화학|생명과학|정보,기하|미적분Ⅱ|역학과 에너지|전자기와 양자|물질과 에너지|화학 반응의 세계|세포와 물질대사|생물의 유전,융합과학 탐구,"출처 : 서울특별시교육청교육연구정보원, 2022 개정 교육과정 선택 과목 안내서, 신소재공학과",https://www.career.go.kr/cloud/w/major/uView?seq=285,2026-06-02T12:18:32+00:00
287,세무회계과,사회계열,2020-12-02,화법과 언어|독서와 작문|문학|대수|미적분I|확률과 통계|영어I|영어II|영어 독해와 작문|세계시민과 지리|세계사|사회와 문화|정보|제2외국어 과목,미적분II|기하|경제 수학|영어 발표와 토론|법과 사회|경제|윤리와 사상|국제 관계의 이해|인공지능 기초|데이터 과학,실용 통계|수학과제 탐구|실생활 영어 회화|세계 문화와 영어|사회문제 탐구|금융과 경제생활|제2외국어 문화 과목,"출처 : 서울특별시교육청교육연구정보원, 2022 개정 교육과정 선택 과목 안내서, 세무·회계학과",https://www.career.go.kr/cloud/w/major/uView?seq=287,2026-06-02T12:18:32+00:00
10015,소방방재학과,공학계열,2020-12-02,대수|미적분 Ⅰ|확률과 통계|물리학|화학|지구과학|정보|기술|가정,기하|미적분Ⅱ|역학과 에너지|전자기와 양자|물질과 에너지|화학 반응의 세계|인공지능 기초|데이터 과학|로봇과 공학세계,창의 공학 설계|소프트웨어와 생활,"출처 : 서울특별시교육청교육연구정보원, 2022 개정 교육과정 선택 과목 안내서, 제어계측공학과",https://www.career.go.kr/cloud/w/major/uView?seq=10015,2026-06-02T12:18:33+00:00
288,소방안전관리과,의약계열,2020-12-02,화법과 언어|독서와 작문|문학|확률과 통계|영어 Ⅰ|영어프|영어 독해와 작문|세계시민과 지리|사회와 문화|현대사회와 윤리|생명과학|정보|제2외국어 과목|한문,주제 탐구 독서|영어 발표와 토론|정치|법과 사회|경제|윤리와 사상|국제 관계의 이해|생물의 유전,독서 토론과 글쓰기|실용 통계|수학과제 탐구|사회문제 탐구|기후변화와 지속가능한 세계|융합과학 탐구|보건,"출처 : 서울특별시교육청교육연구정보원, 2022 개정 교육과정 선택 과목 안내서, 보건행정학과",https://www.career.go.kr/cloud/w/major/uView?seq=288,2026-06-02T12:18:33+00:00
290,소프트웨어공학과,공학계열,2020-12-02,대수|확률과 통계|미적분 Ⅰ|인공지능 수학|영어Ⅰ|영어Ⅱ|영어독해와 작문|물리학|정보,기하|미적분Ⅱ|인공지능 수학|전자기와 양자|역학과 에너지|로봇과 공학세계|인공지능 기초|데이터 과학,실용 통계|수학과제 탐구|창의 공학 설계|소프트웨어와 생활,"출처 : 서울특별시교육청교육연구정보원, 2022 개정 교육과정 선택 과목 안내서, 소프트웨어학과",https://www.career.go.kr/cloud/w/major/uView?seq=290,2026-06-02T12:18:34+00:00
21014,수산학과,자연계열,2020-12-02,대수|미적분Ⅰ|확률과 통계|화학|생명과학|지구과학|정보,미적분Ⅱ|인공지능 수학|물질과 에너지|화학 반응의 세계|세포와 물질대사|생물의 유전|생활과학 탐구,실용 통계|기후변화와 환경생태,"출처 : 서울특별시교육청교육연구정보원, 2022 개정 교육과정 선택 과목 안내서, 동물자원학과",https://www.career.go.kr/cloud/w/major/uView?seq=21014,2026-06-02T12:18:34+00:00
296,수의학과,자연계열,2020-12-02,미적분Ⅰ|확률과 통계|화학|생명과학|현대사회와 윤리,미적분Ⅱ|물질과 에너지|화학 반응의 세계|세포와 물질대사|생물의 유전|보건,융합과학 탐구|생명과학 실험,"출처 : 서울특별시교육청교육연구정보원, 2022 개정 교육과정 선택 과목 안내서, 수의학과",https://www.career.go.kr/cloud/w/major/uView?seq=296,2026-06-02T12:18:34+00:00
298,수학과,자연계열,2020-12-02,대수|미적분Ⅰ|확률과 통계|물리학,기하|미적분Ⅱ|인공지능 수학|역학과 에너지|전자기와 양자,수학과제 탐구|수학과 문화|실용 통계|융합과학 탐구,"출처 : 서울특별시교육청교육연구정보원, 2022 개정 교육과정 선택 과목 안내서, 수학과",https://www.career.go.kr/cloud/w/major/uView?seq=298,2026-06-02T12:18:35+00:00
299,수학교육과,교육계열,2020-12-02,화법과 언어|독서와 작문|문학|대수|미적분Ⅰ|확률과 통계|영어Ⅰ|영어Ⅱ|영어 독해와 작문|물리학|화학|생명과학|지구과학|정보,주제 탐구 독서|기하|미적분Ⅱ|인공지능 수학|인공지능기초|데이터 과학|논리와 사고,실용 통계|수학과제 탐구,"출처 : 서울특별시교육청교육연구정보원, 2022 개정 교육과정 선택 과목 안내서, 수학교육과",https://www.career.go.kr/cloud/w/major/uView?seq=299,2026-06-02T12:18:35+00:00
10033,수해양산업교육과,교육계열,2020-12-02,화법과 언어|독서와 작문|문학|대수|미적분Ⅰ|확률과 통계|영어Ⅰ|영어Ⅱ|영어 독해와 작문|물리학|화학|생명과학|지구과학|기술|가정|정보|생태와 환경,주제 탐구 독서|기하|미적분Ⅱ|역학과 에너지|전자기와 양자|물질과 에너지|화학 반응의 세계|세포와 물질대사|생물의 유전|지구시스템과학,기후변화와 환경생태|융합과학 탐구,"출처 : 서울특별시교육청교육연구정보원, 2022 개정 교육과정 선택 과목 안내서, 과학교과교육과",https://www.career.go.kr/cloud/w/major/uView?seq=10033,2026-06-02T12:18:36+00:00
21015,순수미술과,예체능계열,2020-12-02,화법과 언어|독서와 작문|문학|영어 Ⅰ|영어Ⅱ|영어 독해와 작문|세계사|미술,주제 탐구 독서|문학과 영상|미술 창작|미술 감상과 비평|인간과 철학|인간과 심리,매체 의사소통|미디어 영어|세계 문화와 영어|여행지리|미술과 매체,"출처 : 서울특별시교육청교육연구정보원, 2022 개정 교육과정 선택 과목 안내서, 회화과",https://www.career.go.kr/cloud/w/major/uView?seq=21015,2026-06-02T12:18:36+00:00
489,스마트정보과,공학계열,2020-12-02,대수|확률과 통계|미적분 Ⅰ|인공지능 수학|영어Ⅰ|영어Ⅱ|영어독해와 작문|물리학|정보,기하|미적분Ⅱ|인공지능 수학|전자기와 양자|역학과 에너지|로봇과 공학세계|인공지능 기초|데이터 과학,실용 통계|수학과제 탐구|사회문제 탐구|윤리문제 탐구|창의 공학 설계|소프트웨어와 생활,"출처 : 서울특별시교육청교육연구정보원, 2022 개정 교육과정 선택 과목 안내서, 인공지능학과",https://www.career.go.kr/cloud/w/major/uView?seq=489,2026-06-02T12:18:36+00:00
10019,스마트폰과,공학계열,2020-12-02,대수|확률과 통계|미적분 Ⅰ|인공지능 수학|영어Ⅰ|영어Ⅱ|영어독해와 작문|물리학|정보,기하|미적분Ⅱ|인공지능 수학|전자기와 양자|역학과 에너지|로봇과 공학세계|인공지능 기초|데이터 과학,실용 통계|수학과제 탐구|창의 공학 설계|소프트웨어와 생활,"출처 : 서울특별시교육청교육연구정보원, 2022 개정 교육과정 선택 과목 안내서, 소프트웨어학과",https://www.career.go.kr/cloud/w/major/uView?seq=10019,2026-06-02T12:18:37+00:00
10115,스토리텔링학과,인문계열,2020-12-02,화법과 언어|문학|독서와 작문|영어 독해와 작문|세계시민과 지리|세계사|사회와 문화|현대사회와 윤리|음악|미술|연극|정보|제2외국어,주제 탐구 독서|문학과 영상|영미 문학 읽기|영어 발표와 토론|동아시아 역사 기행|정치|법과 사회|윤리와 사상|인문학과 윤리|미술 감상과 비평|음악 감상과 비평,독서 토론과 글쓰기|메체 의사소통|미디어 영어|세계 문화와 영어|사회문제 탐구|음악과 미디어|미술과 매체|지식 재산 일반|소프트웨어와 생활,"출처 : 서울특별시교육청교육연구정보원, 2022 개정 교육과정 선택 과목 안내서, 문화콘텐츠학과",https://www.career.go.kr/cloud/w/major/uView?seq=10115,2026-06-02T12:18:37+00:00
306,스포츠건강관리학과,예체능계열,2020-12-02,독서와 작문|문학|대수|미적분I|확률과 통계|영어 Ⅰ|영어 독해와 작문|사회와 문화|현대사회와 윤리|물리학|생명과학|화학|정보,경제|역학과 에너지|화학 반응의 세계|세포와 물질대사|생물의 유전|데이터 과학,매체 의사소통|실생활 영어 회화|실용 통계,"출처 : 서울특별시교육청교육연구정보원, 2022 개정 교육과정 선택 과목 안내서, 스포츠과학과",https://www.career.go.kr/cloud/w/major/uView?seq=306,2026-06-02T12:18:38+00:00
10039,스포츠지도과,예체능계열,2020-12-02,독서와 작문|문학|대수|미적분Ⅰ|확률과 통계|영어 I|영어 독해와 작문|사회와 문화|현대사회와 윤리|물리학|생명과학|화학|정보|교육학,경제|역학과 에너지|화학 반응의 세계|세포와 물질대사|생물의 유전|교육의 이해,매체 의사소통|실생활 영어 회화|실용 통계,"출처 : 서울특별시교육청교육연구정보원, 2022 개정 교육과정 선택 과목 안내서, 체육교육과",https://www.career.go.kr/cloud/w/major/uView?seq=10039,2026-06-02T12:18:38+00:00
307,스포츠지도학과,예체능계열,2020-12-02,독서와 작문|문학|대수|미적분Ⅰ|확률과 통계|영어 I|영어 독해와 작문|사회와 문화|현대사회와 윤리|물리학|생명과학|화학|정보|교육학,경제|역학과 에너지|화학 반응의 세계|세포와 물질대사|생물의 유전|교육의 이해,매체 의사소통|실생활 영어 회화|실용 통계,"출처 : 서울특별시교육청교육연구정보원, 2022 개정 교육과정 선택 과목 안내서, 체육교육과",https://www.career.go.kr/cloud/w/major/uView?seq=307,2026-06-02T12:18:39+00:00
308,시각디자인과,예체능계열,2020-12-02,독서와 작문|문학|대수|확률과 통계|영어Ⅰ|영어Ⅱ|영어 독해오작문|미술|정보,주제 탐구 독서|문학과 영상|미술 창작|미술 감상과 비평|인간과 심리,매체 의사소통|미디어 영어|세계 문화와 영어|여행지리|사회문제 탐구|미술과 매체,"출처 : 서울특별시교육청교육연구정보원, 2022 개정 교육과정 선택 과목 안내서, 디자인과",https://www.career.go.kr/cloud/w/major/uView?seq=308,2026-06-02T12:18:39+00:00
310,시스템경영공학과,공학계열,2020-12-02,대수|미적분 Ⅰ|확률과 통계|물리학|화학|지구과학|정보|기술|가정,기하|미적분Ⅱ|역학과 에너지|전자기와 양자|물질과 에너지|화학 반응의 세계|인공지능 기초|데이터 과학|로봇과 공학세계,창의 공학 설계|소프트웨어와 생활,"출처 : 서울특별시교육청교육연구정보원, 2022 개정 교육과정 선택 과목 안내서, 제어계측공학과",https://www.career.go.kr/cloud/w/major/uView?seq=310,2026-06-02T12:18:39+00:00
311,시스템공학과,공학계열,2020-12-02,대수|미적분 Ⅰ|확률과 통계|물리학|화학|지구과학|정보|기술|가정,기하|미적분Ⅱ|역학과 에너지|전자기와 양자|물질과 에너지|화학 반응의 세계|인공지능 기초|데이터 과학|로봇과 공학세계,창의 공학 설계|소프트웨어와 생활,"출처 : 서울특별시교육청교육연구정보원, 2022 개정 교육과정 선택 과목 안내서, 제어계측공학과",https://www.career.go.kr/cloud/w/major/uView?seq=311,2026-06-02T12:18:40+00:00
450,식물자원학과,자연계열,2020-12-02,대수|미적분 Ⅰ|확률과 통계|물리학|화학|생명과학|정보,기하|미적분Ⅱ|물질과 에너지|화학 반응의 세계|세포와 물질대사|생물의 유전,융합과학 탐구|기후변화와 지속가능한 세계,"출처 : 서울특별시교육청교육연구정보원, 2022 개정 교육과정 선택 과목 안내서, 생명공학과",https://www.career.go.kr/cloud/w/major/uView?seq=450,2026-06-02T12:18:40+00:00
313,식품가공과,자연계열,2020-12-02,대수|미적분 Ⅰ|확률과 통계|물리학|화학|생명과학|정보|기술|가정,기하|미적분Ⅱ|물질과 에너지|화학 반응의 세계|세포와 물질대사|생물의 유전|생활과학 탐구,융합과학 탐구,"출처 : 서울특별시교육청교육연구정보원, 2022 개정 교육과정 선택 과목 안내서, 식품공학과",https://www.career.go.kr/cloud/w/major/uView?seq=313,2026-06-02T12:18:40+00:00
314,식품공학과,자연계열,2020-12-02,대수|미적분 Ⅰ|확률과 통계|물리학|화학|생명과학|정보|기술|가정,기하|미적분Ⅱ|물질과 에너지|화학 반응의 세계|세포와 물질대사|생물의 유전|생활과학 탐구,융합과학 탐구,"출처 : 서울특별시교육청교육연구정보원, 2022 개정 교육과정 선택 과목 안내서, 식품공학과",https://www.career.go.kr/cloud/w/major/uView?seq=314,2026-06-02T12:18:41+00:00
317,식품영양과,자연계열,2020-12-02,대수|미적분 Ⅰ|확률과 통계|물리학|화학|생명과학|정보|기술|가정,기하|미적분Ⅱ|물질과 에너지|화학 반응의 세계|세포와 물질대사|생물의 유전|생활과학 탐구,융합과학 탐구,"출처 : 서울특별시교육청교육연구정보원, 2022 개정 교육과정 선택 과목 안내서, 식품공학과",https://www.career.go.kr/cloud/w/major/uView?seq=317,2026-06-02T12:18:41+00:00
21017,식품자원경제학과,자연계열,2020-12-02,대수|미적분 Ⅰ|확률과 통계|물리학|화학|생명과학|정보|기술|가정,기하|미적분Ⅱ|물질과 에너지|화학 반응의 세계|세포와 물질대사|생물의 유전|생활과학 탐구,융합과학 탐구,"출처 : 서울특별시교육청교육연구정보원, 2022 개정 교육과정 선택 과목 안내서, 식품공학과",https://www.career.go.kr/cloud/w/major/uView?seq=21017,2026-06-02T12:18:42+00:00
320,식품조리과,자연계열,2020-12-02,대수|미적분 Ⅰ|확률과 통계|사회와 문화|화학|생명과학|기술|가정|정보,미적분Ⅱ|경제|물질과 에너지|화학 반응의 세계|세포와 물질대사|생물의 유전|생활과학 탐구,실용 통계,"출처 : 서울특별시교육청교육연구정보원, 2022 개정 교육과정 선택 과목 안내서, 식품영양학과",https://www.career.go.kr/cloud/w/major/uView?seq=320,2026-06-02T12:18:42+00:00
324,신소재공학과,공학계열,2020-12-02,대수|미적분Ⅰ|확률과 통계|물리학|화학|생명과학|정보,기하|미적분Ⅱ|역학과 에너지|전자기와 양자|물질과 에너지|화학 반응의 세계|세포와 물질대사|생물의 유전,융합과학 탐구,"출처 : 서울특별시교육청교육연구정보원, 2022 개정 교육과정 선택 과목 안내서, 신소재공학과",https://www.career.go.kr/cloud/w/major/uView?seq=324,2026-06-02T12:18:43+00:00
325,신소재응용과,공학계열,2020-12-02,대수|미적분Ⅰ|확률과 통계|물리학|화학|생명과학|정보,기하|미적분Ⅱ|역학과 에너지|전자기와 양자|물질과 에너지|화학 반응의 세계|세포와 물질대사|생물의 유전,융합과학 탐구,"출처 : 서울특별시교육청교육연구정보원, 2022 개정 교육과정 선택 과목 안내서, 신소재공학과",https://www.career.go.kr/cloud/w/major/uView?seq=325,2026-06-02T12:18:43+00:00
10017,신재생에너지과,공학계열,2020-12-02,대수|미적분Ⅰ|확률과 통계|물리학|화학|생명과학|지구과학|정보,기하|미적분Ⅱ|역학과 에너지|전자기와 양자|물질과 에너지|화학 반응의 세계|세포와 물질대사|지구시스템과학|행성우주과학,융합과학 탐구,"출처 : 서울특별시교육청교육연구정보원, 2022 개정 교육과정 선택 과목 안내서, 에너지자원공학과",https://www.career.go.kr/cloud/w/major/uView?seq=10017,2026-06-02T12:18:43+00:00
326,신학과,인문계열,2020-12-02,독서와 작문|세계시민과 지리|세계사|사회와 문화|현대사회와 윤리|정보,주제 탐구 독서|영미 문학 읽기|한국지리 탐구|동아시아 역사 기행|법과 사회|윤리와 사상|인문학과 윤리|미술 감상과 비평|삶과 종교|인간과 심리,세계 문화와 영어|여행지리|역사로 탐구하는 현대 세계|사회문제 탐구|윤리문제 탐구|과학의 역사와 문화|미술과 매체|지식 재산 일반,"출처 : 서울특별시교육청교육연구정보원, 2022 개정 교육과정 선택 과목 안내서, 인류학과",https://www.career.go.kr/cloud/w/major/uView?seq=326,2026-06-02T12:18:44+00:00
10018,실내디자인과,예체능계열,2020-12-02,독서와 작문|문학|대수|확률과 통계|영어Ⅰ|영어Ⅱ|영어 독해오작문|미술|정보,주제 탐구 독서|문학과 영상|미술 창작|미술 감상과 비평|인간과 심리,매체 의사소통|미디어 영어|세계 문화와 영어|여행지리|사회문제 탐구|미술과 매체,"출처 : 서울특별시교육청교육연구정보원, 2022 개정 교육과정 선택 과목 안내서, 디자인과",https://www.career.go.kr/cloud/w/major/uView?seq=10018,2026-06-02T12:18:44+00:00
509,실용미술과,예체능계열,2020-12-02,화법과 언어|독서와 작문|문학|영어 Ⅰ|영어Ⅱ|영어 독해와 작문|세계사|미술,주제 탐구 독서|문학과 영상|미술 창작|미술 감상과 비평|인간과 철학|인간과 심리,매체 의사소통|미디어 영어|세계 문화와 영어|여행지리|미술과 매체,"출처 : 서울특별시교육청교육연구정보원, 2022 개정 교육과정 선택 과목 안내서, 회화과",https://www.career.go.kr/cloud/w/major/uView?seq=509,2026-06-02T12:18:44+00:00
113,실용음악과,예체능계열,2020-12-02,화법과 언어|독서와 작문|문학|영어Ⅰ|영어Ⅱ|영어 독해와 작문|사회와 문화|음악,주제 탐구 독서|심화 영어|법과 사회|경제|윤리와 사상|음악 연주와 창작|음악 감상과 비평|음악 이론|음악사|시창|청음|음악 전공 실기|합창|합주|음악 공연 실습,매체 의사소통|미디어 영어|세계 문화와 영어|여행지리|음악과 미디어|음악과 문화,"출처 : 서울특별시교육청교육연구정보원, 2022 개정 교육과정 선택 과목 안내서, 피아노과",https://www.career.go.kr/cloud/w/major/uView?seq=113,2026-06-02T12:18:45+00:00
329,실용음악학과,예체능계열,2020-12-02,화법과 언어|독서와 작문|문학|영어Ⅰ|영어Ⅱ|영어 독해와 작문|사회와 문화|음악,주제 탐구 독서|심화 영어|법과 사회|경제|윤리와 사상|음악 연주와 창작|음악 감상과 비평|음악 이론|음악사|시창|청음|음악 전공 실기|합창|합주|음악 공연 실습,매체 의사소통|미디어 영어|세계 문화와 영어|여행지리|음악과 미디어|음악과 문화,"출처 : 서울특별시교육청교육연구정보원, 2022 개정 교육과정 선택 과목 안내서, 피아노과",https://www.career.go.kr/cloud/w/major/uView?seq=329,2026-06-02T12:18:45+00:00
330,심리학과,인문계열,2020-12-02,확률과 통계|생명과학|현대사회와 윤리|사회와 문화,인간과 심리|윤리와 사상|인문학과 윤리|교육의 이해,사회문제 탐구|윤리문제 탐구|논술,"출처 : 서울특별시교육청교육연구정보원, 2022 개정 교육과정 선택 과목 안내서, 심리학과",https://www.career.go.kr/cloud/w/major/uView?seq=330,2026-06-02T12:18:46+00:00
7,아동가족학과,자연계열,2020-12-02,현대사회와 윤리|사회와 문화|기술|가정,정치|법과 사회|생활과학 탐구,사회문제 탐구|윤리문제 탐구|생애 설계와 자립,"출처 : 서울특별시교육청교육연구정보원, 2022 개정 교육과정 선택 과목 안내서, 아동학과",https://www.career.go.kr/cloud/w/major/uView?seq=7,2026-06-02T12:18:46+00:00
331,아동교육과,교육계열,2020-12-02,화법과 언어|독서와 작문|문학|대수|미적분Ⅰ|확률과 통계|영어Ⅰ|영어Ⅱ|영어 독해와 작문|세계시민과 지리|세계사|사회와 문화|현대사회와 윤리|체육1|체육2|음악|미술,주제 탐구 독서|영어 발표와 토론|교육의 이해,독서 토론과 글쓰기|미디어 영어|사회문제 탐구,"출처 : 서울특별시교육청교육연구정보원, 2022 개정 교육과정 선택 과목 안내서, 유아교육과",https://www.career.go.kr/cloud/w/major/uView?seq=331,2026-06-02T12:18:47+00:00
336,아프리카어과,인문계열,2020-12-02,화법과 언어|독서와 작문|문학|세계시민과 지리|세계사|사회와 문화|제2외국어,문학과 영상|인문학과 윤리|국제 관계의 이해|제2외국어 회화|심화 제2외국어,언어생활 탐구|여행지리|역사로 탐구하는 현대 세계|사회문제 탐구|제2외국어 문화,"출처 : 서울특별시교육청교육연구정보원, 2022 개정 교육과정 선택 과목 안내서, 서양어학과",https://www.career.go.kr/cloud/w/major/uView?seq=336,2026-06-02T12:18:47+00:00
337,안경광학과,공학계열,2020-12-02,대수|확률과 통계|미적분 Ⅰ|물리학|화학|생명과학|지구과학|정보,기하|미적분Ⅱ|인공지능 수학|역학과 에너지|전자기와 양자|물질과 에너지|화학 반응의 세계|세포와 물질대사|생물의 유전|지구시스템과학|행성우주과학|로봇과 공학세계|생활과학 탐구|인공지능 기초|데이터 과학,실용 통계|수학과제 탐구|융합과학 탐구|사회문제 탐구|창의 공학 설계|소프트웨어와 생활,"출처 : 서울특별시교육청교육연구정보원, 2022 개정 교육과정 선택 과목 안내서, 융합학과",https://www.career.go.kr/cloud/w/major/uView?seq=337,2026-06-02T12:18:47+00:00
338,안전공학과,공학계열,2020-12-02,대수|미적분 Ⅰ|확률과 통계|물리학|화학|지구과학|정보|기술|가정,기하|미적분Ⅱ|역학과 에너지|전자기와 양자|물질과 에너지|화학 반응의 세계|인공지능 기초|데이터 과학|로봇과 공학세계,창의 공학 설계|소프트웨어와 생활,"출처 : 서울특별시교육청교육연구정보원, 2022 개정 교육과정 선택 과목 안내서, 제어계측공학과",https://www.career.go.kr/cloud/w/major/uView?seq=338,2026-06-02T12:18:48+00:00
10009,약재자원과,자연계열,2020-12-02,대수|미적분 Ⅰ|확률과 통계|물리학|화학|생명과학|정보,기하|미적분Ⅱ|역학과 에너지|전자기와 양자|물질과 에너지|화학 반응의 세계|세포와 물질대사|로봇과 공학세계,융합과학 탐구,"출처 : 서울특별시교육청교육연구정보원, 2022 개정 교육과정 선택 과목 안내서, 화학공학과",https://www.career.go.kr/cloud/w/major/uView?seq=10009,2026-06-02T12:18:48+00:00
345,언어과학과,인문계열,2020-12-02,화법과 언어|독서와 작문|확률과 통계|사회와 문화|정보,주제 탐구 독서|인공지능 수학|법과 사회|인문학과 윤리|인공지능 기초|데이터 과학,독서 토론 글쓰기|매체 의사소통|실용 통계|사회문제 탐구|지식 재산 일반,"출처 : 서울특별시교육청교육연구정보원, 2022 개정 교육과정 선택 과목 안내서, 문헌정보학과",https://www.career.go.kr/cloud/w/major/uView?seq=345,2026-06-02T12:18:49+00:00
10016,언어재활과,의약계열,2020-12-02,물리학|화학|생명과학|현대사회와 윤리,세포와 물질대사|생물의 유전|법과 사회|보건,융합과학 탐구,"출처 : 서울특별시교육청교육연구정보원, 2022 개정 교육과정 선택 과목 안내서, 재활치료학과",https://www.career.go.kr/cloud/w/major/uView?seq=10016,2026-06-02T12:18:49+00:00
346,언어치료학과,교육계열,2020-12-02,물리학|화학|생명과학|현대사회와 윤리,세포와 물질대사|생물의 유전|법과 사회|보건,융합과학 탐구,"출처 : 서울특별시교육청교육연구정보원, 2022 개정 교육과정 선택 과목 안내서, 재활치료학과",https://www.career.go.kr/cloud/w/major/uView?seq=346,2026-06-02T12:18:49+00:00
448,에너지자원공학과,공학계열,2020-12-02,대수|미적분Ⅰ|확률과 통계|물리학|화학|생명과학|지구과학|정보,기하|미적분Ⅱ|역학과 에너지|전자기와 양자|물질과 에너지|화학 반응의 세계|세포와 물질대사|지구시스템과학|행성우주과학,융합과학 탐구,"출처 : 서울특별시교육청교육연구정보원, 2022 개정 교육과정 선택 과목 안내서, 에너지자원공학과",https://www.career.go.kr/cloud/w/major/uView?seq=448,2026-06-02T12:18:50+00:00
350,역사교육과,교육계열,2020-12-02,화법과 언어|독서와 작문|문학|대수|미적분Ⅰ|확률과 통계|영어Ⅰ|영어Ⅱ|영어 독해와 작문|세계시민과 지리|세계사|사회와 문화|현대사회와 윤리|제2외국어 과목,주제 탐구 독서|영어 발표와 토론|한국지리 탐구|동아시아 역사기행|정치|법과 사회|경제|윤리와 사상|국제 관계의 이해,독서 토론과 글쓰기|미디어 영어|여행지리|역사로 탐구하는 현대세계|사회문제 탐구|금융과 경제생활|윤리문제 탐구,"출처 : 서울특별시교육청교육연구정보원, 2022 개정 교육과정 선택 과목 안내서, 사회교과교육과",https://www.career.go.kr/cloud/w/major/uView?seq=350,2026-06-02T12:18:50+00:00
168,연예매니지먼트과,예체능계열,2020-12-02,화법과 언어|문학|독서와 작문|영어 독해와 작문|세계시민과 지리|세계사|사회와 문화|현대사회와 윤리|음악|미술|연극|정보|제2외국어,주제 탐구 독서|문학과 영상|영미 문학 읽기|영어 발표와 토론|동아시아 역사 기행|정치|법과 사회|윤리와 사상|인문학과 윤리|미술 감상과 비평|음악 감상과 비평,독서 토론과 글쓰기|메체 의사소통|미디어 영어|세계 문화와 영어|사회문제 탐구|음악과 미디어|미술과 매체|지식 재산 일반|소프트웨어와 생활,"출처 : 서울특별시교육청교육연구정보원, 2022 개정 교육과정 선택 과목 안내서, 문화콘텐츠학과",https://www.career.go.kr/cloud/w/major/uView?seq=168,2026-06-02T12:18:51+00:00
364,영어과,인문계열,2020-12-02,영어I|영어II|영어 독해와 작문|세계시민과 지리|세계사|사회와 문화,영미 문학 읽기|심화 영어|심화 영어 독해와 작문|국제 관계의 이해,언어생활 탐구|세계 문화와 영어|여행지리,"출처 : 서울특별시교육청교육연구정보원, 2022 개정 교육과정 선택 과목 안내서, 영어영문학과",https://www.career.go.kr/cloud/w/major/uView?seq=364,2026-06-02T12:18:51+00:00
365,영어교육과,교육계열,2020-12-02,화법과 언어|독서와 작문|문학|대수|미적분Ⅰ|확률과 통계|영어Ⅰ|영어Ⅱ|영어 독해와 작문|세계시민과 지리|세계사|사회와 문화|현대사회와 윤리|제2외국어 과목,주제 탐구 독서|영어 발표와 토론|심화 영어|심화 영어 독해와 직문|동아시아 역사 기행|정치|윤리와 사상|제2외국어 회화 과목|심화 제2외국어 과목,독서 토론과 글쓰기|언어생활 탐구|실생활 영어 회화|미디어 영어|세계 문화와 영어|사회문제 탐구|제2외국어 문화 과목,"출처 : 서울특별시교육청교육연구정보원, 2022 개정 교육과정 선택 과목 안내서, 언어교과교육과",https://www.career.go.kr/cloud/w/major/uView?seq=365,2026-06-02T12:18:51+00:00
366,영어영문학과,인문계열,2020-12-02,영어I|영어II|영어 독해와 작문|세계시민과 지리|세계사|사회와 문화,영미 문학 읽기|심화 영어|심화 영어 독해와 작문|국제 관계의 이해,언어생활 탐구|세계 문화와 영어|여행지리,"출처 : 서울특별시교육청교육연구정보원, 2022 개정 교육과정 선택 과목 안내서, 영어영문학과",https://www.career.go.kr/cloud/w/major/uView?seq=366,2026-06-02T12:18:52+00:00
367,영어학과,인문계열,2020-12-02,영어I|영어II|영어 독해와 작문|세계시민과 지리|세계사|사회와 문화,영미 문학 읽기|심화 영어|심화 영어 독해와 작문|국제 관계의 이해,언어생활 탐구|세계 문화와 영어|여행지리,"출처 : 서울특별시교육청교육연구정보원, 2022 개정 교육과정 선택 과목 안내서, 영어영문학과",https://www.career.go.kr/cloud/w/major/uView?seq=367,2026-06-02T12:18:52+00:00
368,영화과,예체능계열,2020-12-02,독서와 작문|정보,문학과 영상|인공지능 기초|데이터 과학,매체 의사소통|소프트웨어와 생활,"출처 : 서울특별시교육청교육연구정보원, 2022 개정 교육과정 선택 과목 안내서, 영상학과",https://www.career.go.kr/cloud/w/major/uView?seq=368,2026-06-02T12:18:53+00:00
10046,예술치료과,의약계열,2020-12-02,물리학|화학|생명과학|현대사회와 윤리,세포와 물질대사|생물의 유전|법과 사회|보건,융합과학 탐구,"출처 : 서울특별시교육청교육연구정보원, 2022 개정 교육과정 선택 과목 안내서, 재활치료학과",https://www.career.go.kr/cloud/w/major/uView?seq=10046,2026-06-02T12:18:53+00:00
369,예술학과,예체능계열,2020-12-02,화법과 언어|문학|연극,문학과 영상|연극과 몸|연극과 말|연기|무대 미술과 기술|연극제작 실습|연극 감상과 비평,매체 의사소통|연극과 삶|음악과 미디어|미술과 매체,"출처 : 서울특별시교육청교육연구정보원, 2022 개정 교육과정 선택 과목 안내서, 연극영화학과",https://www.career.go.kr/cloud/w/major/uView?seq=369,2026-06-02T12:18:54+00:00
10047,외국어학과,인문계열,2020-12-02,영어I|영어II|영어 독해와 작문|제2외국어|한문|세계시민과 지리|세계사|사회와 문화,영어 발표와 토론|심화 영어|심화 영어 독해와 작문|국제 관계의 이해|제2외국어 회화|심화 제2외국어,언어생활 탐구|실생활 영어 회화|세계 문화와 영어|여행지리|제2외국어 문화,"출처 : 서울특별시교육청교육연구정보원, 2022 개정 교육과정 선택 과목 안내서, 통번역학과",https://www.career.go.kr/cloud/w/major/uView?seq=10047,2026-06-02T12:18:54+00:00
380,우주과학과,자연계열,2020-12-02,대수|미적분Ⅰ|확률과 통계|물리학|화학|지구과학|정보,기하|미적분Ⅱ|인공지능 수학|역학과 메너지|전자기와 양자|지구시스템과학|행성우주과학|물질과 에너지,수학과 문화|융합과학 탐구,"출처 : 서울특별시교육청교육연구정보원, 2022 개정 교육과정 선택 과목 안내서, 천문학과",https://www.career.go.kr/cloud/w/major/uView?seq=380,2026-06-02T12:18:54+00:00
382,원예과,자연계열,2020-12-02,대수|미적분Ⅰ|확률과 통계|화학|생명과학|지구과학|정보,미적분Ⅱ|인공지능 수학|한국지리 탐구|물질과 에너지|화학 반응의 세계|세포와 물질대사|생물의 유전|지구시스템과학|생활과 과학 탐구,실용 통계|기후변화와 환경생태,"출처 : 서울특별시교육청교육연구정보원, 2022 개정 교육과정 선택 과목 안내서, 원예학과",https://www.career.go.kr/cloud/w/major/uView?seq=382,2026-06-02T12:18:55+00:00
383,원예학과,자연계열,2020-12-02,대수|미적분Ⅰ|확률과 통계|화학|생명과학|지구과학|정보,미적분Ⅱ|인공지능 수학|한국지리 탐구|물질과 에너지|화학 반응의 세계|세포와 물질대사|생물의 유전|지구시스템과학|생활과 과학 탐구,실용 통계|기후변화와 환경생태,"출처 : 서울특별시교육청교육연구정보원, 2022 개정 교육과정 선택 과목 안내서, 원예학과",https://www.career.go.kr/cloud/w/major/uView?seq=383,2026-06-02T12:18:55+00:00
384,원자력공학과,공학계열,2020-12-02,대수|미적분Ⅰ|확률과 통계|물리학|화학|생명과학|지구과학|정보,기하|미적분Ⅱ|역학과 에너지|전자기와 양자|물질과 에너지|화학 반응의 세계|세포와 물질대사|지구시스템과학|행성우주과학,융합과학 탐구,"출처 : 서울특별시교육청교육연구정보원, 2022 개정 교육과정 선택 과목 안내서, 에너지자원공학과",https://www.career.go.kr/cloud/w/major/uView?seq=384,2026-06-02T12:18:56+00:00
131,유럽ㆍ기타어과,인문계열,2020-12-02,화법과 언어|독서와 작문|문학|세계시민과 지리|세계사|사회와 문화|제2외국어,문학과 영상|인문학과 윤리|국제 관계의 이해|제2외국어 회화|심화 제2외국어,언어생활 탐구|여행지리|역사로 탐구하는 현대 세계|사회문제 탐구|제2외국어 문화,"출처 : 서울특별시교육청교육연구정보원, 2022 개정 교육과정 선택 과목 안내서, 서양어학과",https://www.career.go.kr/cloud/w/major/uView?seq=131,2026-06-02T12:18:56+00:00
390,유아교육과,교육계열,2020-12-02,화법과 언어|독서와 작문|문학|대수|미적분Ⅰ|확률과 통계|영어Ⅰ|영어Ⅱ|영어 독해와 작문|세계시민과 지리|세계사|사회와 문화|현대사회와 윤리|체육1|체육2|음악|미술,주제 탐구 독서|영어 발표와 토론|교육의 이해,독서 토론과 글쓰기|미디어 영어|사회문제 탐구,"출처 : 서울특별시교육청교육연구정보원, 2022 개정 교육과정 선택 과목 안내서, 유아교육과",https://www.career.go.kr/cloud/w/major/uView?seq=390,2026-06-02T12:18:56+00:00
391,유아교육학과,교육계열,2020-12-02,화법과 언어|독서와 작문|문학|대수|미적분Ⅰ|확률과 통계|영어Ⅰ|영어Ⅱ|영어 독해와 작문|세계시민과 지리|세계사|사회와 문화|현대사회와 윤리|체육1|체육2|음악|미술,주제 탐구 독서|영어 발표와 토론|교육의 이해,독서 토론과 글쓰기|미디어 영어|사회문제 탐구,"출처 : 서울특별시교육청교육연구정보원, 2022 개정 교육과정 선택 과목 안내서, 유아교육과",https://www.career.go.kr/cloud/w/major/uView?seq=391,2026-06-02T12:18:57+00:00
10032,유아특수재활과,교육계열,2020-12-02,화법과 언어|독서와 작문|문학|대수|미적분Ⅰ|확률과 통계|영어Ⅰ|영어Ⅱ|영어 독해와 작문|세계시민과 지리|세계사|사회와 문화|현대사회와 윤리|체육1|체육2|음악|미술,주제 탐구 독서|영어 발표와 토론|교육의 이해,독서 토론과 글쓰기|미디어 영어|사회문제 탐구,"출처 : 서울특별시교육청교육연구정보원, 2022 개정 교육과정 선택 과목 안내서, 유아교육과",https://www.career.go.kr/cloud/w/major/uView?seq=10032,2026-06-02T12:18:57+00:00
392,유전공학과,자연계열,2020-12-02,대수|미적분 Ⅰ|확률과 통계|물리학|화학|생명과학|정보,기하|미적분Ⅱ|물질과 에너지|화학 반응의 세계|세포와 물질대사|생물의 유전,융합과학 탐구|기후변화와 지속가능한 세계,"출처 : 서울특별시교육청교육연구정보원, 2022 개정 교육과정 선택 과목 안내서, 생명공학과",https://www.career.go.kr/cloud/w/major/uView?seq=392,2026-06-02T12:18:58+00:00
21018,유통물류과,사회계열,2020-12-02,화법과 언어|독서와 작문|문학|대수|미적분I|확률과 통계|영어I|영어II|영어 독해와 작문|세계시민과 지리|세계사|사회와 문화|정보|제2외국어 과목,미적분II|기하|경제 수학|영어 발표와 토론|법과 사회|경제|윤리와 사상|국제 관계의 이해|인공지능 기초|데이터 과학,실용 통계|수학과제 탐구|실생활 영어 회화|세계 문화와 영어|사회문제 탐구|금융과 경제생활|제2외국어 문화 과목,"출처 : 서울특별시교육청교육연구정보원, 2022 개정 교육과정 선택 과목 안내서, 무역·유통학과",https://www.career.go.kr/cloud/w/major/uView?seq=21018,2026-06-02T12:18:58+00:00
63,윤리교육과,교육계열,2020-12-02,화법과 언어|독서와 작문|문학|대수|미적분Ⅰ|확률과 통계|영어Ⅰ|영어Ⅱ|영어 독해와 작문|세계시민과 지리|세계사|사회와 문화|현대사회와 윤리|제2외국어 과목,주제 탐구 독서|영어 발표와 토론|한국지리 탐구|동아시아 역사기행|정치|법과 사회|경제|윤리와 사상|국제 관계의 이해,독서 토론과 글쓰기|미디어 영어|여행지리|역사로 탐구하는 현대세계|사회문제 탐구|금융과 경제생활|윤리문제 탐구,"출처 : 서울특별시교육청교육연구정보원, 2022 개정 교육과정 선택 과목 안내서, 사회교과교육과",https://www.career.go.kr/cloud/w/major/uView?seq=63,2026-06-02T12:18:58+00:00
64,윤리학과,인문계열,2020-12-02,독서와 작문|문학|사회와 문화|현대사회와 윤리,주제 탐구 독서|영미 문학 일기|윤리와 사상|인문학과 윤리|법과 사회|인간과 철학|논리와 사고|인간과 심리,매체 의사소통|언어생활 탐구|사회문제 탐구|윤리문제 탐구|지식 재산 일반|논술,"출처 : 서울특별시교육청교육연구정보원, 2022 개정 교육과정 선택 과목 안내서, 철학과",https://www.career.go.kr/cloud/w/major/uView?seq=64,2026-06-02T12:18:59+00:00
395,음악과,예체능계열,2020-12-02,화법과 언어|독서와 작문|문학|영어Ⅰ|영어Ⅱ|영어 독해와 작문|사회와 문화|음악,주제 탐구 독서|심화 영어|법과 사회|경제|윤리와 사상|음악 연주와 창작|음악 감상과 비평|음악 이론|음악사|시창|청음|음악 전공 실기|합창|합주|음악 공연 실습,매체 의사소통|미디어 영어|세계 문화와 영어|여행지리|음악과 미디어|음악과 문화,"출처 : 서울특별시교육청교육연구정보원, 2022 개정 교육과정 선택 과목 안내서, 한국음악과",https://www.career.go.kr/cloud/w/major/uView?seq=395,2026-06-02T12:18:59+00:00
10022,음악교육과,교육계열,2020-12-02,화법과 언어|독서와 작문|문학|대수|확률과 통계|영어Ⅰ|영어Ⅱ|영어 독해와 작문|사회와 문화|음악,주제 탐구 독서|심화 영어|법과 사회|경제|윤리와 사상|음악 연주와 창작|음악 감상과 비평|음악 이론|음악사|시창|청음|음악 전공 실기|합창|합주|음악 공연 실습,매체 의사소통|미디어 영어|세계 문화와 영어|여행지리|음악과 미디어|음악과 문화,"출처 : 서울특별시교육청교육연구정보원, 2022 개정 교육과정 선택 과목 안내서, 음악교육과",https://www.career.go.kr/cloud/w/major/uView?seq=10022,2026-06-02T12:19:00+00:00
396,음악학과,예체능계열,2020-12-02,화법과 언어|독서와 작문|문학|영어Ⅰ|영어Ⅱ|영어 독해와 작문|사회와 문화|음악,주제 탐구 독서|심화 영어|법과 사회|경제|윤리와 사상|음악 연주와 창작|음악 감상과 비평|음악 이론|음악사|시창|청음|음악 전공 실기|합창|합주|음악 공연 실습,매체 의사소통|미디어 영어|세계 문화와 영어|여행지리|음악과 미디어|음악과 문화,"출처 : 서울특별시교육청교육연구정보원, 2022 개정 교육과정 선택 과목 안내서, 한국음악과",https://www.career.go.kr/cloud/w/major/uView?seq=396,2026-06-02T12:19:00+00:00
398,음향제작과,예체능계열,2020-12-02,화법과 언어|독서와 작문|문학|영어Ⅰ|영어Ⅱ|영어 독해와 작문|사회와 문화|음악,주제 탐구 독서|심화 영어|법과 사회|경제|윤리와 사상|음악 연주와 창작|음악 감상과 비평|음악 이론|음악사|시창|청음|음악 전공 실기|합창|합주|음악 공연 실습,매체 의사소통|미디어 영어|세계 문화와 영어|여행지리|음악과 미디어|음악과 문화,"출처 : 서울특별시교육청교육연구정보원, 2022 개정 교육과정 선택 과목 안내서, 작곡과",https://www.career.go.kr/cloud/w/major/uView?seq=398,2026-06-02T12:19:00+00:00
399,응급구조과,의약계열,2020-12-02,확률과 통계|화학|생명과학|현대사회와 윤리,세포와 물질대사|생물의 유전|법과 사회|보건,생명과학 실험,"출처 : 서울특별시교육청교육연구정보원, 2022 개정 교육과정 선택 과목 안내서, 응급구조학과",https://www.career.go.kr/cloud/w/major/uView?seq=399,2026-06-02T12:19:01+00:00
10014,응급구조학과,의약계열,2020-12-02,확률과 통계|화학|생명과학|현대사회와 윤리,세포와 물질대사|생물의 유전|법과 사회|보건,생명과학 실험,"출처 : 서울특별시교육청교육연구정보원, 2022 개정 교육과정 선택 과목 안내서, 응급구조학과",https://www.career.go.kr/cloud/w/major/uView?seq=10014,2026-06-02T12:19:01+00:00
21019,응용미술학과,예체능계열,2020-12-02,화법과 언어|독서와 작문|문학|영어 Ⅰ|영어Ⅱ|영어 독해와 작문|세계사|미술,주제 탐구 독서|문학과 영상|미술 창작|미술 감상과 비평|인간과 철학|인간과 심리,매체 의사소통|미디어 영어|세계 문화와 영어|여행지리|미술과 매체,"출처 : 서울특별시교육청교육연구정보원, 2022 개정 교육과정 선택 과목 안내서, 회화과",https://www.career.go.kr/cloud/w/major/uView?seq=21019,2026-06-02T12:19:02+00:00
402,의료보장구과,의약계열,2020-12-02,대수|확률과 통계|미적분 Ⅰ|인공지능 수학|세계시민과 지리|사회와 문화|정보,기하|미적분Ⅱ|도시의 미래 탐구|경제|로봇과 공학세계|인공지능 기초|데이터 과학,실용 통계|사회문제 탐구|금융과 경제생활|윤리문제 탐구|창의공학 설계|소프트웨어와 생활,"출처 : 서울특별시교육청교육연구정보원, 2022 개정 교육과정 선택 과목 안내서, 산업공학과",https://www.career.go.kr/cloud/w/major/uView?seq=402,2026-06-02T12:19:02+00:00
404,의료정보공학과,의약계열,2020-12-02,대수|확률과 통계|미적분 Ⅰ|물리학|화학|생명과학|지구과학|정보,기하|미적분Ⅱ|인공지능 수학|역학과 에너지|전자기와 양자|물질과 에너지|화학 반응의 세계|세포와 물질대사|생물의 유전|지구시스템과학|행성우주과학|로봇과 공학세계|생활과학 탐구|인공지능 기초|데이터 과학,실용 통계|수학과제 탐구|융합과학 탐구|사회문제 탐구|창의 공학 설계|소프트웨어와 생활,"출처 : 서울특별시교육청교육연구정보원, 2022 개정 교육과정 선택 과목 안내서, 융합학과",https://www.career.go.kr/cloud/w/major/uView?seq=404,2026-06-02T12:19:03+00:00
405,의료정보시스템과,의약계열,2020-12-02,대수|확률과 통계|미적분 Ⅰ|물리학|화학|생명과학|지구과학|정보,기하|미적분Ⅱ|인공지능 수학|역학과 에너지|전자기와 양자|물질과 에너지|화학 반응의 세계|세포와 물질대사|생물의 유전|지구시스템과학|행성우주과학|로봇과 공학세계|생활과학 탐구|인공지능 기초|데이터 과학,실용 통계|수학과제 탐구|융합과학 탐구|사회문제 탐구|창의 공학 설계|소프트웨어와 생활,"출처 : 서울특별시교육청교육연구정보원, 2022 개정 교육과정 선택 과목 안내서, 융합학과",https://www.career.go.kr/cloud/w/major/uView?seq=405,2026-06-02T12:19:03+00:00
407,의류ㆍ의상학과,자연계열,2020-12-02,대수|미적분Ⅰ|확률과 통계|사회와 문화|세계사|화학|생명과학|기술|가정|정보,미적분Ⅱ|경제|물질과 에너지|화학 반응의 세계|생활과학 탐구,실용 통계,"출처 : 서울특별시교육청교육연구정보원, 2022 개정 교육과정 선택 과목 안내서, 의류학과",https://www.career.go.kr/cloud/w/major/uView?seq=407,2026-06-02T12:19:03+00:00
408,의무행정과,의약계열,2020-12-02,화법과 언어|독서와 작문|문학|확률과 통계|영어 Ⅰ|영어프|영어 독해와 작문|세계시민과 지리|사회와 문화|현대사회와 윤리|생명과학|정보|제2외국어 과목|한문,주제 탐구 독서|영어 발표와 토론|정치|법과 사회|경제|윤리와 사상|국제 관계의 이해|생물의 유전,독서 토론과 글쓰기|실용 통계|수학과제 탐구|사회문제 탐구|기후변화와 지속가능한 세계|융합과학 탐구|보건,"출처 : 서울특별시교육청교육연구정보원, 2022 개정 교육과정 선택 과목 안내서, 보건행정학과",https://www.career.go.kr/cloud/w/major/uView?seq=408,2026-06-02T12:19:04+00:00
413,의예과,의약계열,2020-12-02,미적분Ⅰ|확률과 통계|물리학|화학|생명과학|현대사회와 윤리,물질과 에너지|화학 반응의 세계|세포와 물질대사|생물의 유전|법과 사회,융합과학 탐구|생명과학 실험,"출처 : 서울특별시교육청교육연구정보원, 2022 개정 교육과정 선택 과목 안내서, 의예과",https://www.career.go.kr/cloud/w/major/uView?seq=413,2026-06-02T12:19:04+00:00
414,의용공학과,의약계열,2020-12-02,대수|확률과 통계|미적분 Ⅰ|인공지능 수학|세계시민과 지리|사회와 문화|정보,기하|미적분Ⅱ|도시의 미래 탐구|경제|로봇과 공학세계|인공지능 기초|데이터 과학,실용 통계|사회문제 탐구|금융과 경제생활|윤리문제 탐구|창의공학 설계|소프트웨어와 생활,"출처 : 서울특별시교육청교육연구정보원, 2022 개정 교육과정 선택 과목 안내서, 산업공학과",https://www.career.go.kr/cloud/w/major/uView?seq=414,2026-06-02T12:19:05+00:00
418,이벤트연출과,예체능계열,2020-12-02,화법과 언어|문학|연극,문학과 영상|연극과 몸|연극과 말|연기|무대 미술과 기술|연극제작 실습|연극 감상과 비평,매체 의사소통|연극과 삶|음악과 미디어|미술과 매체,"출처 : 서울특별시교육청교육연구정보원, 2022 개정 교육과정 선택 과목 안내서, 연극영화학과",https://www.career.go.kr/cloud/w/major/uView?seq=418,2026-06-02T12:19:05+00:00
10028,인터넷정보과,공학계열,2020-12-02,대수|확률과 통계|미적분 Ⅰ|인공지능 수학|영어 Ⅰ|영어Ⅱ|영어독해와 작문|물리학|정보,기하|미적분Ⅱ|인공지능 수학|전자기와 양자|역학과 에너지|로봇과 공학세계|인공지능 기초|데이터 과학,실용 통계|융합과학 탐구|사회문제 탐구|창의 공학 설계|소프트웨어와 생활,"출처 : 서울특별시교육청교육연구정보원, 2022 개정 교육과정 선택 과목 안내서, 정보통신공학과",https://www.career.go.kr/cloud/w/major/uView?seq=10028,2026-06-02T12:19:05+00:00
486,인터넷정보학과,공학계열,2020-12-02,대수|확률과 통계|미적분 Ⅰ|인공지능 수학|영어 Ⅰ|영어Ⅱ|영어독해와 작문|물리학|정보,기하|미적분Ⅱ|인공지능 수학|전자기와 양자|역학과 에너지|로봇과 공학세계|인공지능 기초|데이터 과학,실용 통계|융합과학 탐구|사회문제 탐구|창의 공학 설계|소프트웨어와 생활,"출처 : 서울특별시교육청교육연구정보원, 2022 개정 교육과정 선택 과목 안내서, 정보통신공학과",https://www.career.go.kr/cloud/w/major/uView?seq=486,2026-06-02T12:19:06+00:00
431,일반사회교육과,교육계열,2020-12-02,화법과 언어|독서와 작문|문학|대수|미적분Ⅰ|확률과 통계|영어Ⅰ|영어Ⅱ|영어 독해와 작문|세계시민과 지리|세계사|사회와 문화|현대사회와 윤리|제2외국어 과목,주제 탐구 독서|영어 발표와 토론|한국지리 탐구|동아시아 역사기행|정치|법과 사회|경제|윤리와 사상|국제 관계의 이해,독서 토론과 글쓰기|미디어 영어|여행지리|역사로 탐구하는 현대세계|사회문제 탐구|금융과 경제생활|윤리문제 탐구,"출처 : 서울특별시교육청교육연구정보원, 2022 개정 교육과정 선택 과목 안내서, 사회교과교육과",https://www.career.go.kr/cloud/w/major/uView?seq=431,2026-06-02T12:19:06+00:00
434,일본학과,인문계열,2020-12-02,세계시민과 지리|세계사|사회와 문화|제2외국어 과목,동아시아 역사 기행|정치|법과 사회|경제|국제 관계의 이해,기후변화와 지속가능한 세계|세계 문화와 영어,"출처 : 서울특별시교육청교육연구정보원, 2022 개정 교육과정 선택 과목 안내서, 국제학과",https://www.career.go.kr/cloud/w/major/uView?seq=434,2026-06-02T12:19:07+00:00
10023,일어교육과,교육계열,2020-12-02,화법과 언어|독서와 작문|문학|대수|미적분Ⅰ|확률과 통계|영어Ⅰ|영어Ⅱ|영어 독해와 작문|세계시민과 지리|세계사|사회와 문화|현대사회와 윤리|제2외국어 과목,주제 탐구 독서|영어 발표와 토론|심화 영어|심화 영어 독해와 직문|동아시아 역사 기행|정치|윤리와 사상|제2외국어 회화 과목|심화 제2외국어 과목,독서 토론과 글쓰기|언어생활 탐구|실생활 영어 회화|미디어 영어|세계 문화와 영어|사회문제 탐구|제2외국어 문화 과목,"출처 : 서울특별시교육청교육연구정보원, 2022 개정 교육과정 선택 과목 안내서, 언어교과교육과",https://www.career.go.kr/cloud/w/major/uView?seq=10023,2026-06-02T12:19:07+00:00
436,일어일문학과,인문계열,2020-12-02,화법과 언어|독서와 작문|문학|세계시민과 지리|세계사|사회와 문화|제2외국어|한문,문학과 영상|인문학과 윤리|동아시아 역사 기행|국제 관계의 이해|제2외국어 회화|심화 제2외국어,언어생활 탐구|여행지리|역사로 탐구하는 현대 세계|사회문제 탐구|제2외국어 문화|언어생활과 한자,"출처 : 서울특별시교육청교육연구정보원, 2022 개정 교육과정 선택 과목 안내서, 동양어학과",https://www.career.go.kr/cloud/w/major/uView?seq=436,2026-06-02T12:19:07+00:00
440,임상병리학과,의약계열,2020-12-02,확률과 통계|화학|생명과학|현대사회와 윤리,물질과 에너지|화학 반응의 세계|세포와 물질대사|생물의 유전|법과 사회|보건,화학 실험|생명과학 실험,"출처 : 서울특별시교육청교육연구정보원, 2022 개정 교육과정 선택 과목 안내서, 임상병리학과",https://www.career.go.kr/cloud/w/major/uView?seq=440,2026-06-02T12:19:08+00:00
442,자동차공학과,공학계열,2020-12-02,대수|미적분Ⅰ|확률과 통계|물리학|화학|생명과학|정보|기술|가정,기하|미적분 II|수학과제 탐구|인공지능 수학|역학과 에너지|전자기와 양자|물질과 에너지|화학 반응의 세계|인공지능 기초|데이터 과학|로봇과 공학세계,창의 공학 설계|소프트웨어와 생활,"출처 : 서울특별시교육청교육연구정보원, 2022 개정 교육과정 선택 과목 안내서, 스마트모빌리티학과",https://www.career.go.kr/cloud/w/major/uView?seq=442,2026-06-02T12:19:08+00:00
443,자동차과,공학계열,2020-12-02,대수|미적분Ⅰ|확률과 통계|물리학|화학|생명과학|정보|기술|가정,기하|미적분 II|수학과제 탐구|인공지능 수학|역학과 에너지|전자기와 양자|물질과 에너지|화학 반응의 세계|인공지능 기초|데이터 과학|로봇과 공학세계,창의 공학 설계|소프트웨어와 생활,"출처 : 서울특별시교육청교육연구정보원, 2022 개정 교육과정 선택 과목 안내서, 스마트모빌리티학과",https://www.career.go.kr/cloud/w/major/uView?seq=443,2026-06-02T12:19:09+00:00
445,자동차정비과,공학계열,2020-12-02,대수|미적분Ⅰ|확률과 통계|물리학|화학|생명과학|정보|기술|가정,기하|미적분 II|수학과제 탐구|인공지능 수학|역학과 에너지|전자기와 양자|물질과 에너지|화학 반응의 세계|인공지능 기초|데이터 과학|로봇과 공학세계,창의 공학 설계|소프트웨어와 생활,"출처 : 서울특별시교육청교육연구정보원, 2022 개정 교육과정 선택 과목 안내서, 스마트모빌리티학과",https://www.career.go.kr/cloud/w/major/uView?seq=445,2026-06-02T12:19:09+00:00
451,자율전공학부,인문계열,2020-12-02,,,,"출처 : 서울특별시교육청교육연구정보원, 2022 개정 교육과정 선택 과목 안내서, 자율전공",https://www.career.go.kr/cloud/w/major/uView?seq=451,2026-06-02T12:19:10+00:00
452,작곡과,예체능계열,2020-12-02,화법과 언어|독서와 작문|문학|영어Ⅰ|영어Ⅱ|영어 독해와 작문|사회와 문화|음악,주제 탐구 독서|심화 영어|법과 사회|경제|윤리와 사상|음악 연주와 창작|음악 감상과 비평|음악 이론|음악사|시창|청음|음악 전공 실기|합창|합주|음악 공연 실습,매체 의사소통|미디어 영어|세계 문화와 영어|여행지리|음악과 미디어|음악과 문화,"출처 : 서울특별시교육청교육연구정보원, 2022 개정 교육과정 선택 과목 안내서, 작곡과",https://www.career.go.kr/cloud/w/major/uView?seq=452,2026-06-02T12:19:10+00:00
453,작업치료과,의약계열,2020-12-02,물리학|화학|생명과학|현대사회와 윤리,세포와 물질대사|생물의 유전|법과 사회|보건,융합과학 탐구,"출처 : 서울특별시교육청교육연구정보원, 2022 개정 교육과정 선택 과목 안내서, 재활치료학과",https://www.career.go.kr/cloud/w/major/uView?seq=453,2026-06-02T12:19:10+00:00
454,장례지도과,사회계열,2020-12-02,현대사회와 윤리|사회와 문화,윤리와 사상|정치|법과 사회|경제|한국지리탐구|도시의 미래 탐구|국제 관계의 이해|생활과학 탐구|인간과 심리,사회문제 탐구|윤리문제 탐구,"출처 : 서울특별시교육청교육연구정보원, 2022 개정 교육과정 선택 과목 안내서, 사회복지학과",https://www.career.go.kr/cloud/w/major/uView?seq=454,2026-06-02T12:19:11+00:00
457,재료과,공학계열,2020-12-02,대수|미적분Ⅰ|확률과 통계|물리학|화학|생명과학|지구과학|정보,기하|미적분Ⅱ|역학과 에너지|전자기와 양자|물질과 에너지|화학 반응의 세계|세포와 물질대사|로봇과 공학세계,융합과학 탐구,"출처 : 서울특별시교육청교육연구정보원, 2022 개정 교육과정 선택 과목 안내서, 재료공학과",https://www.career.go.kr/cloud/w/major/uView?seq=457,2026-06-02T12:19:11+00:00
460,전기ㆍ전자ㆍ통신공학교육과,교육계열,2020-12-02,화법과 언어|독서와 작문|문학|대수|미적분Ⅰ|확률과 통계|영어Ⅰ|영어Ⅱ|영어 독해와 작문|물리학|화학|생명과학|지구과학|기술|가정|정보|생태와 환경,주제 탐구 독서|기하|미적분Ⅱ|역학과 에너지|전자기와 양자|물질과 에너지|화학 반응의 세계|세포와 물질대사|생물의 유전|지구시스템과학,기후변화와 환경생태|융합과학 탐구,"출처 : 서울특별시교육청교육연구정보원, 2022 개정 교육과정 선택 과목 안내서, 과학교과교육과",https://www.career.go.kr/cloud/w/major/uView?seq=460,2026-06-02T12:19:12+00:00
459,전기공학과,공학계열,2020-12-02,대수|미적분Ⅰ|확률과 통계|물리학|화학|생명과학|지구과학|정보|기술|가정,기하|미적분Ⅱ|역학과 에너지|전자기와 양자|물질과 에너지|화학 반응의 세계|인공지능 기초|데이터 과학|로봇과 공학세계,창의 공학 설계|소프트웨어와 생활,"출처 : 서울특별시교육청교육연구정보원, 2022 개정 교육과정 선택 과목 안내서, 전기공학과",https://www.career.go.kr/cloud/w/major/uView?seq=459,2026-06-02T12:19:12+00:00
461,전기과,공학계열,2020-12-02,대수|미적분Ⅰ|확률과 통계|물리학|화학|생명과학|지구과학|정보|기술|가정,기하|미적분Ⅱ|역학과 에너지|전자기와 양자|물질과 에너지|화학 반응의 세계|인공지능 기초|데이터 과학|로봇과 공학세계,창의 공학 설계|소프트웨어와 생활,"출처 : 서울특별시교육청교육연구정보원, 2022 개정 교육과정 선택 과목 안내서, 전기공학과",https://www.career.go.kr/cloud/w/major/uView?seq=461,2026-06-02T12:19:12+00:00
580,전기자동화과,공학계열,2020-12-02,대수|미적분Ⅰ|확률과 통계|물리학|화학|생명과학|지구과학|정보|기술|가정,기하|미적분Ⅱ|역학과 에너지|전자기와 양자|물질과 에너지|화학 반응의 세계|인공지능 기초|데이터 과학|로봇과 공학세계,창의 공학 설계|소프트웨어와 생활,"출처 : 서울특별시교육청교육연구정보원, 2022 개정 교육과정 선택 과목 안내서, 전기공학과",https://www.career.go.kr/cloud/w/major/uView?seq=580,2026-06-02T12:19:13+00:00
463,전기전자공학과,공학계열,2020-12-02,대수|미적분 Ⅰ|확률과 통계|물리학|화학|지구과학|정보|기술|가정,기하|미적분Ⅱ|역학과 에너지|전자기와 양자|물질과 에너지|화학 반응의 세계|인공지능 기초|데이터 과학|로봇과 공학세계,창의 공학 설계|소프트웨어와 생활,"출처 : 서울특별시교육청교육연구정보원, 2022 개정 교육과정 선택 과목 안내서, 전자공학과",https://www.career.go.kr/cloud/w/major/uView?seq=463,2026-06-02T12:19:13+00:00
464,전기전자과,공학계열,2020-12-02,대수|미적분 Ⅰ|확률과 통계|물리학|화학|지구과학|정보|기술|가정,기하|미적분Ⅱ|역학과 에너지|전자기와 양자|물질과 에너지|화학 반응의 세계|인공지능 기초|데이터 과학|로봇과 공학세계,창의 공학 설계|소프트웨어와 생활,"출처 : 서울특별시교육청교육연구정보원, 2022 개정 교육과정 선택 과목 안내서, 전자공학과",https://www.career.go.kr/cloud/w/major/uView?seq=464,2026-06-02T12:19:14+00:00
465,전기제어공학과,공학계열,2020-12-02,대수|미적분 Ⅰ|확률과 통계|물리학|화학|지구과학|정보|기술|가정,기하|미적분Ⅱ|역학과 에너지|전자기와 양자|물질과 에너지|화학 반응의 세계|인공지능 기초|데이터 과학|로봇과 공학세계,창의 공학 설계|소프트웨어와 생활,"출처 : 서울특별시교육청교육연구정보원, 2022 개정 교육과정 선택 과목 안내서, 제어계측공학과",https://www.career.go.kr/cloud/w/major/uView?seq=465,2026-06-02T12:19:14+00:00
469,전자공학과,공학계열,2020-12-02,대수|미적분 Ⅰ|확률과 통계|물리학|화학|지구과학|정보|기술|가정,기하|미적분Ⅱ|역학과 에너지|전자기와 양자|물질과 에너지|화학 반응의 세계|인공지능 기초|데이터 과학|로봇과 공학세계,창의 공학 설계|소프트웨어와 생활,"출처 : 서울특별시교육청교육연구정보원, 2022 개정 교육과정 선택 과목 안내서, 전자공학과",https://www.career.go.kr/cloud/w/major/uView?seq=469,2026-06-02T12:19:15+00:00
470,전자과,공학계열,2020-12-02,대수|미적분 Ⅰ|확률과 통계|물리학|화학|지구과학|정보|기술|가정,기하|미적분Ⅱ|역학과 에너지|전자기와 양자|물질과 에너지|화학 반응의 세계|인공지능 기초|데이터 과학|로봇과 공학세계,창의 공학 설계|소프트웨어와 생활,"출처 : 서울특별시교육청교육연구정보원, 2022 개정 교육과정 선택 과목 안내서, 전자공학과",https://www.career.go.kr/cloud/w/major/uView?seq=470,2026-06-02T12:19:15+00:00
479,전통조리과,자연계열,2020-12-02,대수|미적분 Ⅰ|확률과 통계|사회와 문화|화학|생명과학|기술|가정|정보,미적분Ⅱ|경제|물질과 에너지|화학 반응의 세계|세포와 물질대사|생물의 유전|생활과학 탐구,실용 통계,"출처 : 서울특별시교육청교육연구정보원, 2022 개정 교육과정 선택 과목 안내서, 식품영양학과",https://www.career.go.kr/cloud/w/major/uView?seq=479,2026-06-02T12:19:15+00:00
484,정밀화학과,자연계열,2020-12-02,대수|미적분 Ⅰ|확률과 통계|물리학|화학|생명과학|정보,기하|미적분Ⅱ|역학과 에너지|전자기와 양자|물질과 에너지|화학 반응의 세계|세포와 물질대사|로봇과 공학세계,융합과학 탐구,"출처 : 서울특별시교육청교육연구정보원, 2022 개정 교육과정 선택 과목 안내서, 화학공학과",https://www.career.go.kr/cloud/w/major/uView?seq=484,2026-06-02T12:19:16+00:00
488,정보보호학과,공학계열,2020-12-02,대수|확률과 통계|미적분 Ⅰ|인공지능 수학|물리학|정보,기하|미적분Ⅱ|인공지능 수학|전자기와 양자|역학과 에너지|로봇과 공학세계|인공지능 기초|데이터 과학,수학과 문화|실용 통계|수학과제 탐구|창의 공학 설계|소프트웨어와 생활,"출처 : 서울특별시교육청교육연구정보원, 2022 개정 교육과정 선택 과목 안내서, 정보보안학과",https://www.career.go.kr/cloud/w/major/uView?seq=488,2026-06-02T12:19:16+00:00
490,정보통신공학과,공학계열,2020-12-02,대수|확률과 통계|미적분 Ⅰ|인공지능 수학|영어 Ⅰ|영어Ⅱ|영어독해와 작문|물리학|정보,기하|미적분Ⅱ|인공지능 수학|전자기와 양자|역학과 에너지|로봇과 공학세계|인공지능 기초|데이터 과학,실용 통계|융합과학 탐구|사회문제 탐구|창의 공학 설계|소프트웨어와 생활,"출처 : 서울특별시교육청교육연구정보원, 2022 개정 교육과정 선택 과목 안내서, 정보통신공학과",https://www.career.go.kr/cloud/w/major/uView?seq=490,2026-06-02T12:19:17+00:00
491,정보통신과,공학계열,2020-12-02,대수|확률과 통계|미적분 Ⅰ|인공지능 수학|영어 Ⅰ|영어Ⅱ|영어독해와 작문|물리학|정보,기하|미적분Ⅱ|인공지능 수학|전자기와 양자|역학과 에너지|로봇과 공학세계|인공지능 기초|데이터 과학,실용 통계|융합과학 탐구|사회문제 탐구|창의 공학 설계|소프트웨어와 생활,"출처 : 서울특별시교육청교육연구정보원, 2022 개정 교육과정 선택 과목 안내서, 정보통신공학과",https://www.career.go.kr/cloud/w/major/uView?seq=491,2026-06-02T12:19:17+00:00
495,제어계측공학과,공학계열,2020-12-02,대수|미적분 Ⅰ|확률과 통계|물리학|화학|지구과학|정보|기술|가정,기하|미적분Ⅱ|역학과 에너지|전자기와 양자|물질과 에너지|화학 반응의 세계|인공지능 기초|데이터 과학|로봇과 공학세계,창의 공학 설계|소프트웨어와 생활,"출처 : 서울특별시교육청교육연구정보원, 2022 개정 교육과정 선택 과목 안내서, 제어계측공학과",https://www.career.go.kr/cloud/w/major/uView?seq=495,2026-06-02T12:19:18+00:00
496,제어계측과,공학계열,2020-12-02,대수|미적분 Ⅰ|확률과 통계|물리학|화학|지구과학|정보|기술|가정,기하|미적분Ⅱ|역학과 에너지|전자기와 양자|물질과 에너지|화학 반응의 세계|인공지능 기초|데이터 과학|로봇과 공학세계,창의 공학 설계|소프트웨어와 생활,"출처 : 서울특별시교육청교육연구정보원, 2022 개정 교육과정 선택 과목 안내서, 제어계측공학과",https://www.career.go.kr/cloud/w/major/uView?seq=496,2026-06-02T12:19:18+00:00
498,제지공학과,공학계열,2020-12-02,대수|확률과 통계|미적분 Ⅰ|인공지능 수학|세계시민과 지리|사회와 문화|정보,기하|미적분Ⅱ|도시의 미래 탐구|경제|로봇과 공학세계|인공지능 기초|데이터 과학,실용 통계|사회문제 탐구|금융과 경제생활|윤리문제 탐구|창의공학 설계|소프트웨어와 생활,"출처 : 서울특별시교육청교육연구정보원, 2022 개정 교육과정 선택 과목 안내서, 산업공학과",https://www.career.go.kr/cloud/w/major/uView?seq=498,2026-06-02T12:19:18+00:00
499,제철금속과,공학계열,2020-12-02,대수|미적분Ⅰ|확률과 통계|물리학|화학|생명과학|지구과학|정보,기하|미적분Ⅱ|역학과 에너지|전자기와 양자|물질과 에너지|화학 반응의 세계|세포와 물질대사|로봇과 공학세계,융합과학 탐구,"출처 : 서울특별시교육청교육연구정보원, 2022 개정 교육과정 선택 과목 안내서, 재료공학과",https://www.career.go.kr/cloud/w/major/uView?seq=499,2026-06-02T12:19:19+00:00
500,제품디자인과,예체능계열,2020-12-02,독서와 작문|문학|대수|확률과 통계|영어Ⅰ|영어Ⅱ|영어 독해오작문|미술|정보,주제 탐구 독서|문학과 영상|미술 창작|미술 감상과 비평|인간과 심리,매체 의사소통|미디어 영어|세계 문화와 영어|여행지리|사회문제 탐구|미술과 매체,"출처 : 서울특별시교육청교육연구정보원, 2022 개정 교육과정 선택 과목 안내서, 디자인과",https://www.career.go.kr/cloud/w/major/uView?seq=500,2026-06-02T12:19:19+00:00
504,조리과학과,자연계열,2020-12-02,대수|미적분 Ⅰ|확률과 통계|사회와 문화|화학|생명과학|기술|가정|정보,미적분Ⅱ|경제|물질과 에너지|화학 반응의 세계|세포와 물질대사|생물의 유전|생활과학 탐구,실용 통계,"출처 : 서울특별시교육청교육연구정보원, 2022 개정 교육과정 선택 과목 안내서, 식품영양학과",https://www.career.go.kr/cloud/w/major/uView?seq=504,2026-06-02T12:19:20+00:00
10037,조선과,공학계열,2020-12-02,대수|미적분 Ⅰ|확률과 통계|물리학|화학|생명과학|지구과학|정보,기하|미적분Ⅱ|역학과 에너지|전자기와 양자|물질과 에너지|화학 반응의 세계|세포와 물질대사|지구시스템과학|데이터 과학,융합과학 탐구,"출처 : 서울특별시교육청교육연구정보원, 2022 개정 교육과정 선택 과목 안내서, 해양공학과",https://www.career.go.kr/cloud/w/major/uView?seq=10037,2026-06-02T12:19:20+00:00
507,조소학과,예체능계열,2020-12-02,화법과 언어|독서와 작문|문학|영어 Ⅰ|영어Ⅱ|영어 독해와 작문|세계사|미술,주제 탐구 독서|문학과 영상|미술 창작|미술 감상과 비평|인간과 철학|인간과 심리,매체 의사소통|미디어 영어|세계 문화와 영어|여행지리|미술과 매체,"출처 : 서울특별시교육청교육연구정보원, 2022 개정 교육과정 선택 과목 안내서, 조소과",https://www.career.go.kr/cloud/w/major/uView?seq=507,2026-06-02T12:19:20+00:00
21021,조형과,예체능계열,2020-12-02,화법과 언어|독서와 작문|문학|영어 I|영어Ⅱ|영어 독해와 작문|세계사|미술,주제 탐구 독서|문학과 영상|미술 창작|미술 감상과 비평|인간과 철학|인간과 심리,매체 의사소통|미디어 영어|세계 문화와 영어|여행지리|미술과 매체,"출처 : 서울특별시교육청교육연구정보원, 2022 개정 교육과정 선택 과목 안내서, 공예과(조형학과)",https://www.career.go.kr/cloud/w/major/uView?seq=21021,2026-06-02T12:19:21+00:00
508,조형디자인학과,예체능계열,2020-12-02,화법과 언어|독서와 작문|문학|영어 I|영어Ⅱ|영어 독해와 작문|세계사|미술,주제 탐구 독서|문학과 영상|미술 창작|미술 감상과 비평|인간과 철학|인간과 심리,매체 의사소통|미디어 영어|세계 문화와 영어|여행지리|미술과 매체,"출처 : 서울특별시교육청교육연구정보원, 2022 개정 교육과정 선택 과목 안내서, 공예과(조형학과)",https://www.career.go.kr/cloud/w/major/uView?seq=508,2026-06-02T12:19:21+00:00
510,종교교육과,교육계열,2020-12-02,화법과 언어|독서와 작문|문학|대수|미적분Ⅰ|확률과 통계|영어Ⅰ|영어Ⅱ|영어 독해와 작문|세계시민과 지리|세계사|사회와 문화|현대사회와 윤리|제2외국어 과목,주제 탐구 독서|영어 발표와 토론|동아시아 역사 기행|정치|법과사회|윤리와 사상|교육의 이해,독서 토론과 글쓰기|미디어 영어|역사로 탐구하는 현대 세계|사회문제 탐구,"출처 : 서울특별시교육청교육연구정보원, 2022 개정 교육과정 선택 과목 안내서, 교육학과",https://www.career.go.kr/cloud/w/major/uView?seq=510,2026-06-02T12:19:22+00:00
511,종교학과,인문계열,2020-12-02,독서와 작문|세계시민과 지리|세계사|사회와 문화|현대사회와 윤리|정보,주제 탐구 독서|영미 문학 읽기|한국지리 탐구|동아시아 역사 기행|법과 사회|윤리와 사상|인문학과 윤리|미술 감상과 비평|삶과 종교|인간과 심리,세계 문화와 영어|여행지리|역사로 탐구하는 현대 세계|사회문제 탐구|윤리문제 탐구|과학의 역사와 문화|미술과 매체|지식 재산 일반,"출처 : 서울특별시교육청교육연구정보원, 2022 개정 교육과정 선택 과목 안내서, 인류학과",https://www.career.go.kr/cloud/w/major/uView?seq=511,2026-06-02T12:19:22+00:00
598,주얼리디자인과,예체능계열,2020-12-02,독서와 작문|문학|대수|확률과 통계|영어Ⅰ|영어Ⅱ|영어 독해오작문|미술|정보,주제 탐구 독서|문학과 영상|미술 창작|미술 감상과 비평|인간과 심리,매체 의사소통|미디어 영어|세계 문화와 영어|여행지리|사회문제 탐구|미술과 매체,"출처 : 서울특별시교육청교육연구정보원, 2022 개정 교육과정 선택 과목 안내서, 디자인과",https://www.career.go.kr/cloud/w/major/uView?seq=598,2026-06-02T12:19:23+00:00
514,중국어과,인문계열,2020-12-02,화법과 언어|독서와 작문|문학|세계시민과 지리|세계사|사회와 문화|제2외국어|한문,문학과 영상|인문학과 윤리|동아시아 역사 기행|국제 관계의 이해|제2외국어 회화|심화 제2외국어,언어생활 탐구|여행지리|역사로 탐구하는 현대 세계|사회문제 탐구|제2외국어 문화|언어생활과 한자,"출처 : 서울특별시교육청교육연구정보원, 2022 개정 교육과정 선택 과목 안내서, 동양어학과",https://www.career.go.kr/cloud/w/major/uView?seq=514,2026-06-02T12:19:23+00:00
516,중국학과,인문계열,2020-12-02,세계시민과 지리|세계사|사회와 문화|제2외국어 과목,동아시아 역사 기행|정치|법과 사회|경제|국제 관계의 이해,기후변화와 지속가능한 세계|세계 문화와 영어,"출처 : 서울특별시교육청교육연구정보원, 2022 개정 교육과정 선택 과목 안내서, 국제학과",https://www.career.go.kr/cloud/w/major/uView?seq=516,2026-06-02T12:19:23+00:00
520,중어중문학과,인문계열,2020-12-02,화법과 언어|독서와 작문|문학|세계시민과 지리|세계사|사회와 문화|제2외국어|한문,문학과 영상|인문학과 윤리|동아시아 역사 기행|국제 관계의 이해|제2외국어 회화|심화 제2외국어,언어생활 탐구|여행지리|역사로 탐구하는 현대 세계|사회문제 탐구|제2외국어 문화|언어생활과 한자,"출처 : 서울특별시교육청교육연구정보원, 2022 개정 교육과정 선택 과목 안내서, 동양어학과",https://www.career.go.kr/cloud/w/major/uView?seq=520,2026-06-02T12:19:24+00:00
522,지구과학교육과,교육계열,2020-12-02,화법과 언어|독서와 작문|문학|대수|미적분Ⅰ|확률과 통계|영어Ⅰ|영어Ⅱ|영어 독해와 작문|물리학|화학|생명과학|지구과학|기술|가정|정보|생태와 환경,주제 탐구 독서|기하|미적분Ⅱ|역학과 에너지|전자기와 양자|물질과 에너지|화학 반응의 세계|세포와 물질대사|생물의 유전|지구시스템과학,기후변화와 환경생태|융합과학 탐구,"출처 : 서울특별시교육청교육연구정보원, 2022 개정 교육과정 선택 과목 안내서, 과학교과교육과",https://www.career.go.kr/cloud/w/major/uView?seq=522,2026-06-02T12:19:24+00:00
524,지구정보공학과,자연계열,2020-12-02,대수|미적분 Ⅰ|확률과 통계|물리학|화학|생명과학|지구과학,기하|미적분Ⅱ|인공지능 수학|역학과 메너지|전자기와 양자|지구시스템과학|행성우주과학|물질과 에너지|화학 반응의 세계|한국지리 탐구,수학과제 탐구|실용 통계|기후변화와 환경생태|융합과학 탐구,"출처 : 서울특별시교육청교육연구정보원, 2022 개정 교육과정 선택 과목 안내서, 지질학과",https://www.career.go.kr/cloud/w/major/uView?seq=524,2026-06-02T12:19:25+00:00
525,지구해양과학과,공학계열,2020-12-02,대수|미적분 Ⅰ|확률과 통계|물리학|화학|생명과학|지구과학|정보,기하|미적분Ⅱ|역학과 에너지|전자기와 양자|물질과 에너지|화학 반응의 세계|세포와 물질대사|지구시스템과학|데이터 과학,융합과학 탐구,"출처 : 서울특별시교육청교육연구정보원, 2022 개정 교육과정 선택 과목 안내서, 해양공학과",https://www.career.go.kr/cloud/w/major/uView?seq=525,2026-06-02T12:19:25+00:00
526,지리교육과,교육계열,2020-12-02,화법과 언어|독서와 작문|문학|대수|미적분Ⅰ|확률과 통계|영어Ⅰ|영어Ⅱ|영어 독해와 작문|물리학|화학|생명과학|지구과학|기술|가정|정보|생태와 환경,주제 탐구 독서|기하|미적분Ⅱ|역학과 에너지|전자기와 양자|물질과 에너지|화학 반응의 세계|세포와 물질대사|생물의 유전|지구시스템과학,기후변화와 환경생태|융합과학 탐구,"출처 : 서울특별시교육청교육연구정보원, 2022 개정 교육과정 선택 과목 안내서, 과학교과교육과",https://www.career.go.kr/cloud/w/major/uView?seq=526,2026-06-02T12:19:25+00:00
529,지리학과,자연계열,2020-12-02,대수|미적분 Ⅰ|확률과 통계|물리학|화학|생명과학|지구과학,기하|미적분Ⅱ|인공지능 수학|역학과 메너지|전자기와 양자|지구시스템과학|행성우주과학|물질과 에너지|화학 반응의 세계|한국지리 탐구,수학과제 탐구|실용 통계|기후변화와 환경생태|융합과학 탐구,"출처 : 서울특별시교육청교육연구정보원, 2022 개정 교육과정 선택 과목 안내서, 지질학과",https://www.career.go.kr/cloud/w/major/uView?seq=529,2026-06-02T12:19:26+00:00
531,지방행정과,사회계열,2020-12-02,화법과 언어|독서와 작문|문학|확률과 통계|영어 I|영어프|영어독해와 작문|세계시민과 지리|사회와 문화|현대사회와 윤리|정보|제2외국어 과목|한문,주제 탐구 독서|영어 발표와 토론|정치|법과 사회|경제|윤리와 사상|국제 관계의 이해,독서 토론과 글쓰기|매체 의사소통|실용 통계|수학과제 탐구|사회문제 탐구,"출처 : 서울특별시교육청교육연구정보원, 2022 개정 교육과정 선택 과목 안내서, 행정학과",https://www.career.go.kr/cloud/w/major/uView?seq=531,2026-06-02T12:19:26+00:00
535,지적과,자연계열,2020-12-02,대수|미적분 Ⅰ|확률과 통계|물리학|화학|생명과학|지구과학,기하|미적분Ⅱ|인공지능 수학|역학과 메너지|전자기와 양자|지구시스템과학|행성우주과학|물질과 에너지|화학 반응의 세계|한국지리 탐구,수학과제 탐구|실용 통계|기후변화와 환경생태|융합과학 탐구,"출처 : 서울특별시교육청교육연구정보원, 2022 개정 교육과정 선택 과목 안내서, 지질학과",https://www.career.go.kr/cloud/w/major/uView?seq=535,2026-06-02T12:19:27+00:00
536,지적학과,자연계열,2020-12-02,대수|미적분 Ⅰ|확률과 통계|물리학|화학|생명과학|지구과학,기하|미적분Ⅱ|인공지능 수학|역학과 메너지|전자기와 양자|지구시스템과학|행성우주과학|물질과 에너지|화학 반응의 세계|한국지리 탐구,수학과제 탐구|실용 통계|기후변화와 환경생태|융합과학 탐구,"출처 : 서울특별시교육청교육연구정보원, 2022 개정 교육과정 선택 과목 안내서, 지질학과",https://www.career.go.kr/cloud/w/major/uView?seq=536,2026-06-02T12:19:27+00:00
537,지질학과,자연계열,2020-12-02,대수|미적분 Ⅰ|확률과 통계|물리학|화학|생명과학|지구과학,기하|미적분Ⅱ|인공지능 수학|역학과 메너지|전자기와 양자|지구시스템과학|행성우주과학|물질과 에너지|화학 반응의 세계|한국지리 탐구,수학과제 탐구|실용 통계|기후변화와 환경생태|융합과학 탐구,"출처 : 서울특별시교육청교육연구정보원, 2022 개정 교육과정 선택 과목 안내서, 지질학과",https://www.career.go.kr/cloud/w/major/uView?seq=537,2026-06-02T12:19:28+00:00
547,철도교통과,공학계열,2020-12-02,대수|미적분Ⅰ|확률과 통계|물리학|화학|생명과학|지구과학|정보,기하|미적분Ⅱ|도시의 미래 탐구|역학과 에너지|물질과 에너지|화학 반응의 세계|세포와 물질대사|지구시스템과학|데이터 과학,융합과학 탐구|과학의 역사와 문화,"출처 : 서울특별시교육청교육연구정보원, 2022 개정 교육과정 선택 과목 안내서, 교통공학과",https://www.career.go.kr/cloud/w/major/uView?seq=547,2026-06-02T12:19:28+00:00
545,철도운전과,공학계열,2020-12-02,대수|미적분Ⅰ|확률과 통계|물리학|화학|생명과학|지구과학|정보,기하|미적분Ⅱ|도시의 미래 탐구|역학과 에너지|물질과 에너지|화학 반응의 세계|세포와 물질대사|지구시스템과학|데이터 과학,융합과학 탐구|과학의 역사와 문화,"출처 : 서울특별시교육청교육연구정보원, 2022 개정 교육과정 선택 과목 안내서, 교통공학과",https://www.career.go.kr/cloud/w/major/uView?seq=545,2026-06-02T12:19:28+00:00
546,철도전기제어과,공학계열,2020-12-02,대수|미적분 Ⅰ|확률과 통계|물리학|화학|지구과학|정보|기술|가정,기하|미적분Ⅱ|역학과 에너지|전자기와 양자|물질과 에너지|화학 반응의 세계|인공지능 기초|데이터 과학|로봇과 공학세계,창의 공학 설계|소프트웨어와 생활,"출처 : 서울특별시교육청교육연구정보원, 2022 개정 교육과정 선택 과목 안내서, 제어계측공학과",https://www.career.go.kr/cloud/w/major/uView?seq=546,2026-06-02T12:19:29+00:00
543,철도토목과,공학계열,2020-12-02,대수|미적분Ⅰ|확률과 통계|물리학|화학|생명과학|지구과학|정보,기하|미적분Ⅱ|도시의 미래 탐구|역학과 에너지|물질과 에너지|화학 반응의 세계|세포와 물질대사|지구시스템과학|데이터 과학,융합과학 탐구|과학의 역사와 문화,"출처 : 서울특별시교육청교육연구정보원, 2022 개정 교육과정 선택 과목 안내서, 교통공학과",https://www.career.go.kr/cloud/w/major/uView?seq=543,2026-06-02T12:19:29+00:00
548,철학과,인문계열,2020-12-02,독서와 작문|문학|사회와 문화|현대사회와 윤리,주제 탐구 독서|영미 문학 일기|윤리와 사상|인문학과 윤리|법과 사회|인간과 철학|논리와 사고|인간과 심리,매체 의사소통|언어생활 탐구|사회문제 탐구|윤리문제 탐구|지식 재산 일반|논술,"출처 : 서울특별시교육청교육연구정보원, 2022 개정 교육과정 선택 과목 안내서, 철학과",https://www.career.go.kr/cloud/w/major/uView?seq=548,2026-06-02T12:19:29+00:00
549,청소년복지과,사회계열,2020-12-02,현대사회와 윤리|사회와 문화|기술|가정,정치|법과 사회|생활과학 탐구,사회문제 탐구|윤리문제 탐구|생애 설계와 자립,"출처 : 서울특별시교육청교육연구정보원, 2022 개정 교육과정 선택 과목 안내서, 아동학과",https://www.career.go.kr/cloud/w/major/uView?seq=549,2026-06-02T12:19:30+00:00
551,체육교육과,교육계열,2020-12-02,독서와 작문|문학|대수|미적분Ⅰ|확률과 통계|영어 I|영어 독해와 작문|사회와 문화|현대사회와 윤리|물리학|생명과학|화학|정보|교육학,경제|역학과 에너지|화학 반응의 세계|세포와 물질대사|생물의 유전|교육의 이해,매체 의사소통|실생활 영어 회화|실용 통계,"출처 : 서울특별시교육청교육연구정보원, 2022 개정 교육과정 선택 과목 안내서, 체육교육과",https://www.career.go.kr/cloud/w/major/uView?seq=551,2026-06-02T12:19:30+00:00
552,체육학과,예체능계열,2020-12-02,독서와 작문|문학|대수|미적분I|확률과 통계|영어 Ⅰ|영어 독해와 작문|사회와 문화|현대사회와 윤리|물리학|생명과학|정보,경제|역학과 에너지|화학 반응의 세계|세포와 물질대사|생물의 유전|데이터 과학,매체 의사소통|실생활 영어 회화|실용 통계,"출처 : 서울특별시교육청교육연구정보원, 2022 개정 교육과정 선택 과목 안내서, 체육학과",https://www.career.go.kr/cloud/w/major/uView?seq=552,2026-06-02T12:19:31+00:00
554,초등교육과,교육계열,2020-12-02,화법과 언어|독서와 작문|문학|대수|미적분Ⅰ|확률과 통계|영어Ⅰ|영어Ⅱ|영어 독해와 작문|세계시민과 지리|세계사|사회와 문화|현대사회와 윤리|물리학|화학|생명과학|지구과학|체육1|체육2|음악|미술|기술|가정,주제 탐구 독서|영어 발표와 토론|교육의 이해,독서 토론과 글쓰기|미디어 영어|사회문제 탐구,"출처 : 서울특별시교육청교육연구정보원, 2022 개정 교육과정 선택 과목 안내서, 초등교육과",https://www.career.go.kr/cloud/w/major/uView?seq=554,2026-06-02T12:19:31+00:00
556,축산과,자연계열,2020-12-02,대수|미적분Ⅰ|확률과 통계|화학|생명과학|지구과학|정보,미적분Ⅱ|인공지능 수학|물질과 에너지|화학 반응의 세계|세포와 물질대사|생물의 유전|생활과학 탐구,실용 통계|기후변화와 환경생태,"출처 : 서울특별시교육청교육연구정보원, 2022 개정 교육과정 선택 과목 안내서, 동물자원학과",https://www.career.go.kr/cloud/w/major/uView?seq=556,2026-06-02T12:19:32+00:00
557,축산학과,자연계열,2020-12-02,대수|미적분Ⅰ|확률과 통계|화학|생명과학|지구과학|정보,미적분Ⅱ|인공지능 수학|물질과 에너지|화학 반응의 세계|세포와 물질대사|생물의 유전|생활과학 탐구,실용 통계|기후변화와 환경생태,"출처 : 서울특별시교육청교육연구정보원, 2022 개정 교육과정 선택 과목 안내서, 동물자원학과",https://www.career.go.kr/cloud/w/major/uView?seq=557,2026-06-02T12:19:32+00:00
562,치기공과,의약계열,2020-12-02,확률과 통계|물리학|화학|생명과학,물질과 에너지|화학 반응의 세계|인공지능 기초|데이터 과학|보건,융합과학 탐구,"출처 : 서울특별시교육청교육연구정보원, 2022 개정 교육과정 선택 과목 안내서, 치기공학과",https://www.career.go.kr/cloud/w/major/uView?seq=562,2026-06-02T12:19:32+00:00
10054,치기공학과,의약계열,2020-12-02,확률과 통계|물리학|화학|생명과학,물질과 에너지|화학 반응의 세계|인공지능 기초|데이터 과학|보건,융합과학 탐구,"출처 : 서울특별시교육청교육연구정보원, 2022 개정 교육과정 선택 과목 안내서, 치기공학과",https://www.career.go.kr/cloud/w/major/uView?seq=10054,2026-06-02T12:19:33+00:00
563,치위생과,의약계열,2020-12-02,확률과 통계|화학|생명과학|현대사회와 윤리,물질과 에너지|화학 반응의 세계|세포와 물질대사|생물의 유전|보건,생명과학 실험,"출처 : 서울특별시교육청교육연구정보원, 2022 개정 교육과정 선택 과목 안내서, 치위생학과",https://www.career.go.kr/cloud/w/major/uView?seq=563,2026-06-02T12:19:33+00:00
10013,치위생학과,의약계열,2020-12-02,확률과 통계|화학|생명과학|현대사회와 윤리,물질과 에너지|화학 반응의 세계|세포와 물질대사|생물의 유전|보건,생명과학 실험,"출처 : 서울특별시교육청교육연구정보원, 2022 개정 교육과정 선택 과목 안내서, 치위생학과",https://www.career.go.kr/cloud/w/major/uView?seq=10013,2026-06-02T12:19:34+00:00
564,치의예과,의약계열,2020-12-02,미적분Ⅰ|확률과 통계|물리학|화학|생명과학|현대사회와 윤리,미적분Ⅱ|기하|물질과 에너지|화학 반응의 세계|세포와 물질대사|생물의 유전,융합과학 탐구|화학 실험|생명과학 실험,"출처 : 서울특별시교육청교육연구정보원, 2022 개정 교육과정 선택 과목 안내서, 치의예과",https://www.career.go.kr/cloud/w/major/uView?seq=564,2026-06-02T12:19:34+00:00
10011,컬러리스트과,예체능계열,2020-12-02,독서와 작문|문학|대수|확률과 통계|영어Ⅰ|영어Ⅱ|영어 독해오작문|미술|정보,주제 탐구 독서|문학과 영상|미술 창작|미술 감상과 비평|인간과 심리,매체 의사소통|미디어 영어|세계 문화와 영어|여행지리|사회문제 탐구|미술과 매체,"출처 : 서울특별시교육청교육연구정보원, 2022 개정 교육과정 선택 과목 안내서, 디자인과",https://www.career.go.kr/cloud/w/major/uView?seq=10011,2026-06-02T12:19:34+00:00
569,컴퓨터공학과,공학계열,2020-12-02,대수|확률과 통계|미적분 Ⅰ|인공지능 수학|영어Ⅰ|영어Ⅱ|영어독해와 작문|물리학|정보,기하|미적분Ⅱ|인공지능 수학|전자기와 양자|역학과 에너지|로봇과 공학세계|인공지능 기초|데이터 과학,실용 통계|수학과제 탐구|창의 공학 설계|소프트웨어와 생활,"출처 : 서울특별시교육청교육연구정보원, 2022 개정 교육과정 선택 과목 안내서, 컴퓨터공학과",https://www.career.go.kr/cloud/w/major/uView?seq=569,2026-06-02T12:19:35+00:00
21022,컴퓨터과,공학계열,2020-12-02,대수|확률과 통계|미적분 Ⅰ|인공지능 수학|영어Ⅰ|영어Ⅱ|영어독해와 작문|물리학|정보,기하|미적분Ⅱ|인공지능 수학|전자기와 양자|역학과 에너지|로봇과 공학세계|인공지능 기초|데이터 과학,실용 통계|수학과제 탐구|창의 공학 설계|소프트웨어와 생활,"출처 : 서울특별시교육청교육연구정보원, 2022 개정 교육과정 선택 과목 안내서, 컴퓨터공학과",https://www.career.go.kr/cloud/w/major/uView?seq=21022,2026-06-02T12:19:35+00:00
570,컴퓨터과학과,공학계열,2020-12-02,대수|확률과 통계|미적분 Ⅰ|인공지능 수학|영어Ⅰ|영어Ⅱ|영어독해와 작문|물리학|정보,기하|미적분Ⅱ|인공지능 수학|전자기와 양자|역학과 에너지|로봇과 공학세계|인공지능 기초|데이터 과학,실용 통계|수학과제 탐구|창의 공학 설계|소프트웨어와 생활,"출처 : 서울특별시교육청교육연구정보원, 2022 개정 교육과정 선택 과목 안내서, 컴퓨터공학과",https://www.career.go.kr/cloud/w/major/uView?seq=570,2026-06-02T12:19:36+00:00
571,컴퓨터교육과,교육계열,2020-12-02,화법과 언어|독서와 작문|문학|대수|미적분Ⅰ|확률과 통계|영어Ⅰ|영어Ⅱ|영어 독해와 작문|물리학|화학|생명과학|지구과학|기술|가정|정보|생태와 환경,주제 탐구 독서|기하|미적분Ⅱ|역학과 에너지|전자기와 양자|물질과 에너지|화학 반응의 세계|세포와 물질대사|생물의 유전|지구시스템과학,기후변화와 환경생태|융합과학 탐구,"출처 : 서울특별시교육청교육연구정보원, 2022 개정 교육과정 선택 과목 안내서, 과학교과교육과",https://www.career.go.kr/cloud/w/major/uView?seq=571,2026-06-02T12:19:36+00:00
575,컴퓨터디자인학과,예체능계열,2020-12-02,독서와 작문|문학|대수|확률과 통계|영어Ⅰ|영어Ⅱ|영어 독해오작문|미술|정보,주제 탐구 독서|문학과 영상|미술 창작|미술 감상과 비평|인간과 심리,매체 의사소통|미디어 영어|세계 문화와 영어|여행지리|사회문제 탐구|미술과 매체,"출처 : 서울특별시교육청교육연구정보원, 2022 개정 교육과정 선택 과목 안내서, 디자인과",https://www.career.go.kr/cloud/w/major/uView?seq=575,2026-06-02T12:19:36+00:00
576,컴퓨터보안과,공학계열,2020-12-02,대수|확률과 통계|미적분 Ⅰ|인공지능 수학|물리학|정보,기하|미적분Ⅱ|인공지능 수학|전자기와 양자|역학과 에너지|로봇과 공학세계|인공지능 기초|데이터 과학,수학과 문화|실용 통계|수학과제 탐구|창의 공학 설계|소프트웨어와 생활,"출처 : 서울특별시교육청교육연구정보원, 2022 개정 교육과정 선택 과목 안내서, 정보보안학과",https://www.career.go.kr/cloud/w/major/uView?seq=576,2026-06-02T12:19:37+00:00
578,컴퓨터소프트웨어과,공학계열,2020-12-02,대수|확률과 통계|미적분 Ⅰ|인공지능 수학|영어Ⅰ|영어Ⅱ|영어독해와 작문|물리학|정보,기하|미적분Ⅱ|인공지능 수학|전자기와 양자|역학과 에너지|로봇과 공학세계|인공지능 기초|데이터 과학,실용 통계|수학과제 탐구|창의 공학 설계|소프트웨어와 생활,"출처 : 서울특별시교육청교육연구정보원, 2022 개정 교육과정 선택 과목 안내서, 소프트웨어학과",https://www.career.go.kr/cloud/w/major/uView?seq=578,2026-06-02T12:19:37+00:00
579,컴퓨터응용기계과,공학계열,2020-12-02,대수|미적분 Ⅰ|확률과 통계|물리학|화학|지구과학|정보|기술|가정,기하|미적분Ⅱ|역학과 에너지|전자기와 양자|물질과 에너지|화학 반응의 세계|인공지능 기초|데이터 과학|로봇과 공학세계,창의 공학 설계|소프트웨어와 생활,"출처 : 서울특별시교육청교육연구정보원, 2022 개정 교육과정 선택 과목 안내서, 제어계측공학과",https://www.career.go.kr/cloud/w/major/uView?seq=579,2026-06-02T12:19:38+00:00
10036,컴퓨터정보과,공학계열,2020-12-02,대수|확률과 통계|미적분 Ⅰ|인공지능 수학|영어Ⅰ|영어Ⅱ|영어독해와 작문|물리학|정보,기하|미적분Ⅱ|인공지능 수학|전자기와 양자|역학과 에너지|로봇과 공학세계|인공지능 기초|데이터 과학,실용 통계|수학과제 탐구|창의 공학 설계|소프트웨어와 생활,"출처 : 서울특별시교육청교육연구정보원, 2022 개정 교육과정 선택 과목 안내서, 컴퓨터공학과",https://www.career.go.kr/cloud/w/major/uView?seq=10036,2026-06-02T12:19:38+00:00
157,태권도과,예체능계열,2020-12-02,독서와 작문|문학|대수|미적분I|확률과 통계|영어 Ⅰ|영어 독해와 작문|사회와 문화|현대사회와 윤리|물리학|생명과학|정보,경제|역학과 에너지|화학 반응의 세계|세포와 물질대사|생물의 유전|데이터 과학,매체 의사소통|실생활 영어 회화|실용 통계,"출처 : 서울특별시교육청교육연구정보원, 2022 개정 교육과정 선택 과목 안내서, 체육학과",https://www.career.go.kr/cloud/w/major/uView?seq=157,2026-06-02T12:19:38+00:00
588,토목공학과,공학계열,2020-12-02,대수|미적분Ⅰ|확률과 통계|물리학|화학|지구과학|정보,기하|미적분Ⅱ|도시의 미래 탐구|역학과 에너지|물질과 에너지|화학 반응의 세계|지구시스템과학|데이터 과학,융합과학 탐구|과학의 역사와 문화,"출처 : 서울특별시교육청교육연구정보원, 2022 개정 교육과정 선택 과목 안내서, 토목공학과",https://www.career.go.kr/cloud/w/major/uView?seq=588,2026-06-02T12:19:39+00:00
590,토목과,공학계열,2020-12-02,대수|미적분Ⅰ|확률과 통계|물리학|화학|지구과학|정보,기하|미적분Ⅱ|도시의 미래 탐구|역학과 에너지|물질과 에너지|화학 반응의 세계|지구시스템과학|데이터 과학,융합과학 탐구|과학의 역사와 문화,"출처 : 서울특별시교육청교육연구정보원, 2022 개정 교육과정 선택 과목 안내서, 토목공학과",https://www.career.go.kr/cloud/w/major/uView?seq=590,2026-06-02T12:19:39+00:00
591,통계학과,자연계열,2020-12-02,대수|미적분 I|확률과 통계|사회와 문화|정보,기하|미적분Ⅱ|인공지능 수학|경제 수학,수학과제 탐구|수학과 문화|실용 통계,"출처 : 서울특별시교육청교육연구정보원, 2022 개정 교육과정 선택 과목 안내서, 통계학과",https://www.career.go.kr/cloud/w/major/uView?seq=591,2026-06-02T12:19:40+00:00
10034,통번역학과,인문계열,2020-12-02,영어I|영어II|영어 독해와 작문|제2외국어|한문|세계시민과 지리|세계사|사회와 문화,영어 발표와 토론|심화 영어|심화 영어 독해와 작문|국제 관계의 이해|제2외국어 회화|심화 제2외국어,언어생활 탐구|실생활 영어 회화|세계 문화와 영어|여행지리|제2외국어 문화,"출처 : 서울특별시교육청교육연구정보원, 2022 개정 교육과정 선택 과목 안내서, 통번역학과",https://www.career.go.kr/cloud/w/major/uView?seq=10034,2026-06-02T12:19:40+00:00
592,특수교육학과,교육계열,2020-12-02,화법과 언어|독서와 작문|문학|대수|미적분Ⅰ|확률과 통계|영어Ⅰ|영어Ⅱ|영어 독해와 작문|세계시민과 지리|세계사|사회와 문화|현대사회와 윤리|제2외국어 과목,주제 탐구 독서|영어 발표와 토론|동아시아 역사 기행|정치|법과사회|윤리와 사상|교육의 이해,독서 토론과 글쓰기|미디어 영어|역사로 탐구하는 현대 세계|사회문제 탐구,"출처 : 서울특별시교육청교육연구정보원, 2022 개정 교육과정 선택 과목 안내서, 교육학과",https://www.career.go.kr/cloud/w/major/uView?seq=592,2026-06-02T12:19:40+00:00
593,특수장비과,공학계열,2020-12-02,대수|확률과 통계|미적분 Ⅰ|인공지능 수학|세계시민과 지리|사회와 문화|정보,기하|미적분Ⅱ|도시의 미래 탐구|경제|로봇과 공학세계|인공지능 기초|데이터 과학,실용 통계|사회문제 탐구|금융과 경제생활|윤리문제 탐구|창의공학 설계|소프트웨어와 생활,"출처 : 서울특별시교육청교육연구정보원, 2022 개정 교육과정 선택 과목 안내서, 산업공학과",https://www.career.go.kr/cloud/w/major/uView?seq=593,2026-06-02T12:19:41+00:00
21024,특수체육교육과,교육계열,2020-12-02,독서와 작문|문학|대수|미적분Ⅰ|확률과 통계|영어 I|영어 독해와 작문|사회와 문화|현대사회와 윤리|물리학|생명과학|화학|정보|교육학,경제|역학과 에너지|화학 반응의 세계|세포와 물질대사|생물의 유전|교육의 이해,매체 의사소통|실생활 영어 회화|실용 통계,"출처 : 서울특별시교육청교육연구정보원, 2022 개정 교육과정 선택 과목 안내서, 체육교육과",https://www.career.go.kr/cloud/w/major/uView?seq=21024,2026-06-02T12:19:41+00:00
596,패션디자인과,예체능계열,2020-12-02,독서와 작문|문학|대수|확률과 통계|영어Ⅰ|영어Ⅱ|영어 독해오작문|미술|정보,주제 탐구 독서|문학과 영상|미술 창작|미술 감상과 비평|인간과 심리,매체 의사소통|미디어 영어|세계 문화와 영어|여행지리|사회문제 탐구|미술과 매체,"출처 : 서울특별시교육청교육연구정보원, 2022 개정 교육과정 선택 과목 안내서, 디자인과",https://www.career.go.kr/cloud/w/major/uView?seq=596,2026-06-02T12:19:42+00:00
21025,패션산업과,자연계열,2020-12-02,대수|미적분Ⅰ|확률과 통계|사회와 문화|세계사|화학|생명과학|기술|가정|정보,미적분Ⅱ|경제|물질과 에너지|화학 반응의 세계|생활과학 탐구,실용 통계,"출처 : 서울특별시교육청교육연구정보원, 2022 개정 교육과정 선택 과목 안내서, 의류학과",https://www.career.go.kr/cloud/w/major/uView?seq=21025,2026-06-02T12:19:42+00:00
609,프랑스학과,인문계열,2020-12-02,세계시민과 지리|세계사|사회와 문화|제2외국어 과목,동아시아 역사 기행|정치|법과 사회|경제|국제 관계의 이해,기후변화와 지속가능한 세계|세계 문화와 영어,"출처 : 서울특별시교육청교육연구정보원, 2022 개정 교육과정 선택 과목 안내서, 국제학과",https://www.career.go.kr/cloud/w/major/uView?seq=609,2026-06-02T12:19:42+00:00
611,피부미용과,예체능계열,2020-12-02,독서와 작문|문학|대수|확률과 통계|영어Ⅰ|영어Ⅱ|영어 독해오작문|미술|정보,주제 탐구 독서|문학과 영상|미술 창작|미술 감상과 비평|인간과 심리,매체 의사소통|미디어 영어|세계 문화와 영어|여행지리|사회문제 탐구|미술과 매체,"출처 : 서울특별시교육청교육연구정보원, 2022 개정 교육과정 선택 과목 안내서, 디자인과",https://www.career.go.kr/cloud/w/major/uView?seq=611,2026-06-02T12:19:43+00:00
612,피아노학과,예체능계열,2020-12-02,화법과 언어|독서와 작문|문학|영어Ⅰ|영어Ⅱ|영어 독해와 작문|사회와 문화|음악,주제 탐구 독서|심화 영어|법과 사회|경제|윤리와 사상|음악 연주와 창작|음악 감상과 비평|음악 이론|음악사|시창|청음|음악 전공 실기|합창|합주|음악 공연 실습,매체 의사소통|미디어 영어|세계 문화와 영어|여행지리|음악과 미디어|음악과 문화,"출처 : 서울특별시교육청교육연구정보원, 2022 개정 교육과정 선택 과목 안내서, 피아노과",https://www.career.go.kr/cloud/w/major/uView?seq=612,2026-06-02T12:19:43+00:00
615,한문교육과,교육계열,2020-12-02,화법과 언어|독서와 작문|문학|대수|미적분Ⅰ|확률과 통계|영어Ⅰ|영어Ⅱ|영어 독해와 작문|세계시민과 지리|세계사|사회와 문화|현대사회와 윤리|제2외국어 과목,주제 탐구 독서|영어 발표와 토론|심화 영어|심화 영어 독해와 직문|동아시아 역사 기행|정치|윤리와 사상|제2외국어 회화 과목|심화 제2외국어 과목,독서 토론과 글쓰기|언어생활 탐구|실생활 영어 회화|미디어 영어|세계 문화와 영어|사회문제 탐구|제2외국어 문화 과목,"출처 : 서울특별시교육청교육연구정보원, 2022 개정 교육과정 선택 과목 안내서, 언어교과교육과",https://www.career.go.kr/cloud/w/major/uView?seq=615,2026-06-02T12:19:44+00:00
616,한문학과,인문계열,2020-12-02,화법과 언어|독서와 작문|문학|세계시민과 지리|세계사|사회와 문화|제2외국어|한문,문학과 영상|인문학과 윤리|동아시아 역사 기행|국제 관계의 이해|제2외국어 회화|심화 제2외국어,언어생활 탐구|여행지리|역사로 탐구하는 현대 세계|사회문제 탐구|제2외국어 문화|언어생활과 한자,"출처 : 서울특별시교육청교육연구정보원, 2022 개정 교육과정 선택 과목 안내서, 동양어학과",https://www.career.go.kr/cloud/w/major/uView?seq=616,2026-06-02T12:19:44+00:00
10001,한약자원학과,자연계열,2020-12-02,대수|미적분Ⅰ|확률과 통계|물리학|화학|생명과학|지구과학|정보,기하|미적분Ⅱ|역학과 에너지|전자기와 양자|물질과 에너지|화학 반응의 세계|세포와 물질대사|로봇과 공학세계,융합과학 탐구,"출처 : 서울특별시교육청교육연구정보원, 2022 개정 교육과정 선택 과목 안내서, 재료공학과",https://www.career.go.kr/cloud/w/major/uView?seq=10001,2026-06-02T12:19:44+00:00
618,한약학과,의약계열,2020-12-02,확률과 통계|화학|생명과학|현대사회와 윤리,물질과 에너지|화학 반응의 세계|세포와 물질대사|생물의 유전|법과 사회|보건,융합과학 탐구|화학 실험,"출처 : 서울특별시교육청교육연구정보원, 2022 개정 교육과정 선택 과목 안내서, 약학과",https://www.career.go.kr/cloud/w/major/uView?seq=618,2026-06-02T12:19:45+00:00
619,한의예과,의약계열,2020-12-02,미적분Ⅰ|확률과 통계|화학|생명과학|현대사회와 윤리|한문,미적분Ⅱ|물질과 에너지|화학 반응의 세계|세포와 물질대사|생물의 유전|한문 고전 읽기|보건,융합과학 탐구|생명과학 실험,"출처 : 서울특별시교육청교육연구정보원, 2022 개정 교육과정 선택 과목 안내서, 한의예과",https://www.career.go.kr/cloud/w/major/uView?seq=619,2026-06-02T12:19:45+00:00
10052,항공보안과,공학계열,2020-12-02,대수|미적분 Ⅰ|확률과 통계|물리학|화학|정보|기술|가정|현대사회와 윤리,기하|역학과 에너지|전자기와 양자|법과 사회|심화 영어|한국지리 탐구|동아시아 역사 기행,세계 문화와 영어|여행지리,"출처 : 서울특별시교육청교육연구정보원, 2022 개정 교육과정 선택 과목 안내서, 항공운항학과",https://www.career.go.kr/cloud/w/major/uView?seq=10052,2026-06-02T12:19:46+00:00
623,항공여행과,사회계열,2020-12-02,현대사회와 윤리|세계시민과 지리|세계사|사회와 문화|제 2외국어 과목,직무 영어|한국지리 탐구,세계 문화와 영어|여행지리|사회문제 탐구,"출처 : 서울특별시교육청교육연구정보원, 2022 개정 교육과정 선택 과목 안내서, 항공서비스학과",https://www.career.go.kr/cloud/w/major/uView?seq=623,2026-06-02T12:19:46+00:00
624,항공우주공학과,공학계열,2020-12-02,대수|미적분 Ⅰ|확률과 통계|물리학|화학|지구과학|정보|기술|가정,기하|미적분Ⅱ|역학과 에너지|전자기와 양자|물질과 에너지|화학 반응의 세계|인공지능 기초|데이터 과학|로봇과 공학세계,창의 공학 설계|소프트웨어와 생활,"출처 : 서울특별시교육청교육연구정보원, 2022 개정 교육과정 선택 과목 안내서, 항공우주공학과",https://www.career.go.kr/cloud/w/major/uView?seq=624,2026-06-02T12:19:46+00:00
626,항공운항학과,공학계열,2020-12-02,대수|미적분 Ⅰ|확률과 통계|물리학|화학|정보|기술|가정|현대사회와 윤리,기하|역학과 에너지|전자기와 양자|법과 사회|심화 영어|한국지리 탐구|동아시아 역사 기행,세계 문화와 영어|여행지리,"출처 : 서울특별시교육청교육연구정보원, 2022 개정 교육과정 선택 과목 안내서, 항공운항학과",https://www.career.go.kr/cloud/w/major/uView?seq=626,2026-06-02T12:19:47+00:00
627,항공정비과,공학계열,2020-12-02,대수|미적분 Ⅰ|확률과 통계|물리학|화학|지구과학|정보|기술|가정,기하|미적분Ⅱ|역학과 에너지|전자기와 양자|물질과 에너지|화학 반응의 세계|인공지능 기초|데이터 과학|로봇과 공학세계,창의 공학 설계|소프트웨어와 생활,"출처 : 서울특별시교육청교육연구정보원, 2022 개정 교육과정 선택 과목 안내서, 항공우주공학과",https://www.career.go.kr/cloud/w/major/uView?seq=627,2026-06-02T12:19:47+00:00
10003,해양경찰과,사회계열,2020-12-02,화법과 언어|독서와 작문|문학|확률과 통계|영어 I|영어프|영어독해와 작문|세계시민과 지리|사회와 문화|현대사회와 윤리|정보|제2외국어 과목|한문,주제 탐구 독서|영어 발표와 토론|정치|법과 사회|경제|윤리와 사상|국제 관계의 이해,독서 토론과 글쓰기|매체 의사소통|실용 통계|수학과제 탐구|사회문제 탐구,"출처 : 서울특별시교육청교육연구정보원, 2022 개정 교육과정 선택 과목 안내서, 행정학과",https://www.career.go.kr/cloud/w/major/uView?seq=10003,2026-06-02T12:19:48+00:00
342,해양생명과학과,자연계열,2020-12-02,대수|미적분 Ⅰ|확률과 통계|물리학|화학|생명과학|정보,기하|미적분Ⅱ|물질과 에너지|화학 반응의 세계|세포와 물질대사|생물의 유전,융합과학 탐구|기후변화와 지속가능한 세계,"출처 : 서울특별시교육청교육연구정보원, 2022 개정 교육과정 선택 과목 안내서, 생명공학과",https://www.career.go.kr/cloud/w/major/uView?seq=342,2026-06-02T12:19:48+00:00
633,해양스포츠학과,예체능계열,2020-12-02,독서와 작문|문학|대수|미적분I|확률과 통계|영어 Ⅰ|영어 독해와 작문|사회와 문화|현대사회와 윤리|물리학|생명과학|정보,경제|역학과 에너지|화학 반응의 세계|세포와 물질대사|생물의 유전|데이터 과학,매체 의사소통|실생활 영어 회화|실용 통계,"출처 : 서울특별시교육청교육연구정보원, 2022 개정 교육과정 선택 과목 안내서, 체육학과",https://www.career.go.kr/cloud/w/major/uView?seq=633,2026-06-02T12:19:48+00:00
635,해양자원학과,자연계열,2020-12-02,대수|미적분Ⅰ|확률과 통계|물리학|화학|생명과학|지구과학|정보,기하|미적분Ⅱ|역학과 에너지|전자기와 양자|물질과 에너지|화학 반응의 세계|세포와 물질대사|로봇과 공학세계,융합과학 탐구,"출처 : 서울특별시교육청교육연구정보원, 2022 개정 교육과정 선택 과목 안내서, 재료공학과",https://www.career.go.kr/cloud/w/major/uView?seq=635,2026-06-02T12:19:49+00:00
636,행정과,사회계열,2020-12-02,화법과 언어|독서와 작문|문학|확률과 통계|영어 I|영어프|영어독해와 작문|세계시민과 지리|사회와 문화|현대사회와 윤리|정보|제2외국어 과목|한문,주제 탐구 독서|영어 발표와 토론|정치|법과 사회|경제|윤리와 사상|국제 관계의 이해,독서 토론과 글쓰기|매체 의사소통|실용 통계|수학과제 탐구|사회문제 탐구,"출처 : 서울특별시교육청교육연구정보원, 2022 개정 교육과정 선택 과목 안내서, 행정학과",https://www.career.go.kr/cloud/w/major/uView?seq=636,2026-06-02T12:19:49+00:00
645,호텔조리과,자연계열,2020-12-02,대수|미적분 Ⅰ|확률과 통계|사회와 문화|화학|생명과학|기술|가정|정보,미적분Ⅱ|경제|물질과 에너지|화학 반응의 세계|세포와 물질대사|생물의 유전|생활과학 탐구,실용 통계,"출처 : 서울특별시교육청교육연구정보원, 2022 개정 교육과정 선택 과목 안내서, 식품영양학과",https://www.career.go.kr/cloud/w/major/uView?seq=645,2026-06-02T12:19:50+00:00
10010,화장품과학과,공학계열,2020-12-02,대수|미적분Ⅰ|확률과 통계|물리학|화학|생명과학|정보,기하|미적분Ⅱ|물질과 에너지|화학 반응의 세계|세포와 물질대사|생물의 유전,융합과학 탐구,"출처 : 서울특별시교육청교육연구정보원, 2022 개정 교육과정 선택 과목 안내서, 화장품과학과",https://www.career.go.kr/cloud/w/major/uView?seq=10010,2026-06-02T12:19:50+00:00
647,화학공업과,공학계열,2020-12-02,대수|미적분 Ⅰ|확률과 통계|물리학|화학|생명과학|정보,기하|미적분Ⅱ|역학과 에너지|전자기와 양자|물질과 에너지|화학 반응의 세계|세포와 물질대사|로봇과 공학세계,융합과학 탐구,"출처 : 서울특별시교육청교육연구정보원, 2022 개정 교육과정 선택 과목 안내서, 화학공학과",https://www.career.go.kr/cloud/w/major/uView?seq=647,2026-06-02T12:19:50+00:00
648,화학공학과,공학계열,2020-12-02,대수|미적분 Ⅰ|확률과 통계|물리학|화학|생명과학|정보,기하|미적분Ⅱ|역학과 에너지|전자기와 양자|물질과 에너지|화학 반응의 세계|세포와 물질대사|로봇과 공학세계,융합과학 탐구,"출처 : 서울특별시교육청교육연구정보원, 2022 개정 교육과정 선택 과목 안내서, 화학공학과",https://www.career.go.kr/cloud/w/major/uView?seq=648,2026-06-02T12:19:51+00:00
21026,화학공학교육과,교육계열,2020-12-02,화법과 언어|독서와 작문|문학|대수|미적분Ⅰ|확률과 통계|영어Ⅰ|영어Ⅱ|영어 독해와 작문|물리학|화학|생명과학|지구과학|기술|가정|정보|생태와 환경,주제 탐구 독서|기하|미적분Ⅱ|역학과 에너지|전자기와 양자|물질과 에너지|화학 반응의 세계|세포와 물질대사|생물의 유전|지구시스템과학,기후변화와 환경생태|융합과학 탐구,"출처 : 서울특별시교육청교육연구정보원, 2022 개정 교육과정 선택 과목 안내서, 과학교과교육과",https://www.career.go.kr/cloud/w/major/uView?seq=21026,2026-06-02T12:19:51+00:00
649,화학과,자연계열,2020-12-02,대수|미적분 Ⅰ|확률과 통계|물리학|화학|생명과학|정보,기하|미적분Ⅱ|역학과 에너지|전자기와 양자|물질과 에너지|화학 반응의 세계|세포와 물질대사|로봇과 공학세계,융합과학 탐구,"출처 : 서울특별시교육청교육연구정보원, 2022 개정 교육과정 선택 과목 안내서, 화학공학과",https://www.career.go.kr/cloud/w/major/uView?seq=649,2026-06-02T12:19:52+00:00
650,화학교육과,교육계열,2020-12-02,화법과 언어|독서와 작문|문학|대수|미적분Ⅰ|확률과 통계|영어Ⅰ|영어Ⅱ|영어 독해와 작문|물리학|화학|생명과학|지구과학|기술|가정|정보|생태와 환경,주제 탐구 독서|기하|미적분Ⅱ|역학과 에너지|전자기와 양자|물질과 에너지|화학 반응의 세계|세포와 물질대사|생물의 유전|지구시스템과학,기후변화와 환경생태|융합과학 탐구,"출처 : 서울특별시교육청교육연구정보원, 2022 개정 교육과정 선택 과목 안내서, 과학교과교육과",https://www.career.go.kr/cloud/w/major/uView?seq=650,2026-06-02T12:19:52+00:00
10042,환경교육과,교육계열,2020-12-02,화법과 언어|독서와 작문|문학|대수|미적분Ⅰ|확률과 통계|영어Ⅰ|영어Ⅱ|영어 독해와 작문|물리학|화학|생명과학|지구과학|기술|가정|정보|생태와 환경,주제 탐구 독서|기하|미적분Ⅱ|역학과 에너지|전자기와 양자|물질과 에너지|화학 반응의 세계|세포와 물질대사|생물의 유전|지구시스템과학,기후변화와 환경생태|융합과학 탐구,"출처 : 서울특별시교육청교육연구정보원, 2022 개정 교육과정 선택 과목 안내서, 과학교과교육과",https://www.career.go.kr/cloud/w/major/uView?seq=10042,2026-06-02T12:19:52+00:00
656,환경디자인과,예체능계열,2020-12-02,독서와 작문|문학|대수|확률과 통계|영어Ⅰ|영어Ⅱ|영어 독해오작문|미술|정보,주제 탐구 독서|문학과 영상|미술 창작|미술 감상과 비평|인간과 심리,매체 의사소통|미디어 영어|세계 문화와 영어|여행지리|사회문제 탐구|미술과 매체,"출처 : 서울특별시교육청교육연구정보원, 2022 개정 교육과정 선택 과목 안내서, 디자인과",https://www.career.go.kr/cloud/w/major/uView?seq=656,2026-06-02T12:19:53+00:00
657,환경디자인학과,예체능계열,2020-12-02,독서와 작문|문학|대수|확률과 통계|영어Ⅰ|영어Ⅱ|영어 독해오작문|미술|정보,주제 탐구 독서|문학과 영상|미술 창작|미술 감상과 비평|인간과 심리,매체 의사소통|미디어 영어|세계 문화와 영어|여행지리|사회문제 탐구|미술과 매체,"출처 : 서울특별시교육청교육연구정보원, 2022 개정 교육과정 선택 과목 안내서, 디자인과",https://www.career.go.kr/cloud/w/major/uView?seq=657,2026-06-02T12:19:53+00:00
659,환경시스템과,자연계열,2020-12-02,대수|미적분 Ⅰ|확률과 통계|물리학|화학|생명과학|지구과학|정보|생태와 환경,기하|미적분Ⅱ|도시의 미래 탐구|역학과 에너지|물질과 에너지|화학 반응의 세계|세포와 물질대사|생물의 유전|지구시스템과학|데이터 과학,기후변화와 환경생태|융합과학 탐구,"출처 : 서울특별시교육청교육연구정보원, 2022 개정 교육과정 선택 과목 안내서, 환경공학과",https://www.career.go.kr/cloud/w/major/uView?seq=659,2026-06-02T12:19:54+00:00
661,환경화학과,공학계열,2020-12-02,대수|미적분 Ⅰ|확률과 통계|물리학|화학|생명과학|지구과학|정보|생태와 환경,기하|미적분Ⅱ|도시의 미래 탐구|역학과 에너지|물질과 에너지|화학 반응의 세계|세포와 물질대사|생물의 유전|지구시스템과학|데이터 과학,기후변화와 환경생태|융합과학 탐구,"출처 : 서울특별시교육청교육연구정보원, 2022 개정 교육과정 선택 과목 안내서, 환경공학과",https://www.career.go.kr/cloud/w/major/uView?seq=661,2026-06-02T12:19:54+00:00
663,회화학과,예체능계열,2020-12-02,화법과 언어|독서와 작문|문학|영어 Ⅰ|영어Ⅱ|영어 독해와 작문|세계사|미술,주제 탐구 독서|문학과 영상|미술 창작|미술 감상과 비평|인간과 철학|인간과 심리,매체 의사소통|미디어 영어|세계 문화와 영어|여행지리|미술과 매체,"출처 : 서울특별시교육청교육연구정보원, 2022 개정 교육과정 선택 과목 안내서, 회화과",https://www.career.go.kr/cloud/w/major/uView?seq=663,2026-06-02T12:19:54+00:00
560,측지정보과,공학계열,2020-04-30,대수|미적분Ⅰ|확률과 통계|물리학|화학|지구과학|정보,기하|미적분Ⅱ|도시의 미래 탐구|역학과 에너지|물질과 에너지|화학 반응의 세계|지구시스템과학|데이터 과학,융합과학 탐구|과학의 역사와 문화,"출처 : 서울특별시교육청교육연구정보원, 2022 개정 교육과정 선택 과목 안내서, 토목공학과",https://www.career.go.kr/cloud/w/major/uView?seq=560,2026-06-02T12:19:55+00:00
